==> clean build/ (full rebuild — incremental ninja silently retains stale .o files when only .h/.s deps change, masking yaml-flip / coalesce regressions)
==> verifying base ROM SHA-1
verify_elf: OK (baserom/aug6/baseelf.rom sha1=2b4d7de41966ff38d061b4c985de45fc212e2fb2)
==> assembling hand-written VU1 microprogram .S sources (seki/src)
patch_splat: /primary/dev/ico-aug6/.venv/lib/python3.13/site-packages/splat/segtypes/linker_entry.py aug6 layout already patched.
patch_splat: /primary/dev/ico-aug6/.venv/lib/python3.13/site-packages/splat/segtypes/common/data.py aug6 data tail already patched.
patch_splat: ACC/Q fix applied to /primary/dev/ico-aug6/.venv/lib/python3.13/site-packages/splat/segtypes/common/c.py
==> running splat against config/ico.aug6.yaml
splat 0.40.0 (powered by spimdisasm 1.40.3)
  0%|          | 0/5373 [00:00<?, ?it/s]Loading symbols (symbol_addrs.aug6):   0%|          | 0/5373 [00:00<?, ?it/s]Loading symbols (symbol_addrs.aug6): 100%|██████████| 5373/5373 [00:00<00:00, 202172.76it/s]
  0%|          | 0/1 [00:00<?, ?it/s]Loading relocs (reloc_addrs.aug6):   0%|          | 0/1 [00:00<?, ?it/s]Loading relocs (reloc_addrs.aug6): 100%|██████████| 1/1 [00:00<00:00, 15420.24it/s]
  0%|          | 0/1 [00:00<?, ?it/s]Scanning cod:   0%|          | 0/1 [00:00<?, ?it/s]
Rodata segment 'src/cod/44D980' may belong to the text segment 'src/cod/000000'
    Based on the usage from the function func_00100D68 to the symbol D_0054D980

Rodata segment 'src/cod/44D980' may belong to the text segment 'sugipon/src/delayFreeManager'
    Based on the usage from the function func_00101C80 to the symbol D_0054DB20

Rodata segment 'src/cod/44D980' may belong to the text segment 'sugipon/src/geometryManager'
    Based on the usage from the function GetRootMatrixRotOffsetByDObj to the symbol D_0054DD68

Rodata segment 'src/cod/44D980' may belong to the text segment 'sugipon/src/keyInput'
    Based on the usage from the function func_00104998 to the symbol D_0054DDF8

Rodata segment 'src/cod/44D980' may belong to the text segment 'sugipon/src/motionManager2'
    Based on the usage from the function _GetMotionDirection to the symbol D_0054DF28

Rodata segment 'src/cod/44D980' may belong to the text segment 'sugipon/src/pool'
    Based on the usage from the function SetLayoutedPoolReflactionMesh to the symbol D_0054E168

Rodata segment 'src/cod/44D980' may belong to the text segment 'sugipon/src/tableSin'
    Based on the usage from the function InitTableSin to the symbol D_0054E1F8

Rodata segment 'src/cod/44E23C' may belong to the text segment 'seki/src/DisplayP2O'
    Based on the usage from the function func_0010EFF8 to the symbol D_0054E240

Rodata segment 'src/cod/44E23C' may belong to the text segment 'seki/src/FileManager'
    Based on the usage from the function func_0010F070 to the symbol D_0054E260

Rodata segment 'src/cod/44E23C' may belong to the text segment 'seki/src/GsBase'
    Based on the usage from the function gsb_antiAlias to the symbol D_0054E8A0

Rodata segment 'src/cod/44E23C' may belong to the text segment 'seki/src/Light'
    Based on the usage from the function light_GetColorAnalog to the symbol D_0054EB30

Rodata segment 'src/cod/44E23C' may belong to the text segment 'seki/src/Packet'
    Based on the usage from the function pac_makeNormalStrip to the symbol jtbl_0054F160

The rodata segment 'src/cod/44E23C' has jumptables that are not aligned properly file-wise, indicating one or more likely file split.
File split suggestions for this segment will follow in config yaml format:
      - [0x44E6E0, rodata]


Rodata segment 'src/cod/44F1F8' may belong to the text segment 'seki/src/Packet'
    Based on the usage from the function pac_setGifTag to the symbol D_0054F1F8

Rodata segment 'src/cod/44F1F8' may belong to the text segment 'seki/src/Primitive'
    Based on the usage from the function prim_makeNormal to the symbol D_0054F860

Rodata segment 'src/cod/44F1F8' may belong to the text segment 'seki/src/RegistPacket'
    Based on the usage from the function reg_transMicroCode to the symbol D_0054F9D0

Rodata segment 'src/cod/44F1F8' may belong to the text segment 'seki/src/Shadow'
    Based on the usage from the function func_00123AA8 to the symbol D_0054FCD0

Rodata segment 'src/cod/44F1F8' may belong to the text segment 'seki/src/StageAnimation'
    Based on the usage from the function stage_Init to the symbol jtbl_0054FD40

Rodata segment 'src/cod/44F1F8' may belong to the text segment 'seki/src/Texture'
    Based on the usage from the function tex_transVramDirectTex to the symbol jtbl_005502D0

Rodata segment 'src/cod/44F1F8' may belong to the text segment 'seki/src/ZFog'
    Based on the usage from the function fog_MakeFogClut to the symbol D_00550990

Rodata segment 'src/cod/44F1F8' may belong to the text segment 'fumi/ios/cdvd'
    Based on the usage from the function temp_loadfunc to the symbol D_00550B70

Rodata segment 'src/cod/44F1F8' may belong to the text segment 'fumi/ios/inflate'
    Based on the usage from the function inflate_codes to the symbol D_00550E48

Rodata segment 'src/cod/44F1F8' may belong to the text segment 'fumi/ios/ios'
    Based on the usage from the function iosInitialize to the symbol D_00550F38

Rodata segment 'src/cod/44F1F8' may belong to the text segment 'fumi/ios/mblock'
    Based on the usage from the function reuse_mblock1 to the symbol D_00550FD8

Rodata segment 'src/cod/44F1F8' may belong to the text segment 'fumi/ios/mcard'
    Based on the usage from the function iosMcMgrGetBlockSaveInfo to the symbol D_00551040

Rodata segment 'src/cod/44F1F8' may belong to the text segment 'fumi/ios/memory'
    Based on the usage from the function iosMallocSetPartitionName to the symbol D_005513C8

Rodata segment 'src/cod/44F1F8' may belong to the text segment 'fumi/ios/message'
    Based on the usage from the function deq_mes_th to the symbol D_00551678

Rodata segment 'src/cod/451994' may belong to the text segment 'fumi/ios/pad'
    Based on the usage from the function iosPadDevInit to the symbol D_005519C0

Rodata segment 'src/cod/451994' may belong to the text segment 'fumi/ios/shockdriver'
    Based on the usage from the function ShockRequestBox_Regst to the symbol D_00551C48

Rodata segment 'src/cod/451994' may belong to the text segment 'fumi/ios/thread'
    Based on the usage from the function iosThreadWakeup to the symbol D_00551CE0

The rodata segment 'src/cod/451994' has jumptables that are not aligned properly file-wise, indicating one or more likely file split.
File split suggestions for this segment will follow in config yaml format:
      - [0x451AA0, rodata]


Rodata segment 'src/cod/451EA0' may belong to the text segment 'fumi/isys/gobj_process'
    Based on the usage from the function isysGObjProcAddGOppArg to the symbol D_00551EA0

Rodata segment 'src/cod/451EA0' may belong to the text segment 'fumi/sound/s_init'
    Based on the usage from the function soundOutputModeSet to the symbol jtbl_00551F30

Rodata segment 'src/cod/451EA0' may belong to the text segment 'fumi/sound/soundManager'
    Based on the usage from the function sndInit to the symbol D_00552178

Rodata segment 'src/cod/451EA0' may belong to the text segment 'fumi/src/act-game'
    Based on the usage from the function ACTGame_SaveActorInformation to the symbol D_005523C0

Rodata segment 'src/cod/45248C' may belong to the text segment 'fumi/src/boyact'
    Based on the usage from the function CorrectOrient_RopeCliff to the symbol D_005524D8

The rodata segment 'src/cod/45248C' has jumptables that are not aligned properly file-wise, indicating one or more likely file split.
File split suggestions for this segment will follow in config yaml format:
      - [0x452600, rodata]


Rodata segment 'src/cod/452940' may belong to the text segment 'fumi/src/boyact'
    Based on the usage from the function pullup_check_heroin_position to the symbol D_00552940

Rodata segment 'src/cod/452940' may belong to the text segment 'fumi/src/commonact'
    Based on the usage from the function ACTSendMailCorrect to the symbol D_00552B48

Rodata segment 'src/cod/4530C0' may belong to the text segment 'fumi/src/enemy_act'
    Based on the usage from the function actEnemyKidnapEnd to the symbol jtbl_00553140

Rodata segment 'src/cod/4530C0' may belong to the text segment 'fumi/src/fieldCollision'
    Based on the usage from the function MakeCollisionDependGObjList to the symbol D_00553250

Rodata segment 'src/cod/4530C0' may belong to the text segment 'fumi/src/girl_act'
    Based on the usage from the function GirlBrainClearTarget to the symbol D_00553720

Rodata segment 'src/cod/4530C0' may belong to the text segment 'fumi/src/jimaku'
    Based on the usage from the function func_00173568 to the symbol D_00553748

Rodata segment 'src/cod/453D4C' may belong to the text segment 'fumi/src/girl_act'
    Based on the usage from the function actGirlBHang to the symbol D_00553D50

Rodata segment 'src/cod/453D4C' may belong to the text segment 'fumi/src/jimaku'
    Based on the usage from the function func_00173D00 to the symbol D_00553DD8

Rodata segment 'src/cod/453D4C' may belong to the text segment 'fumi/src/way_sys'
    Based on the usage from the function GetWay_next to the symbol D_00553E88

Rodata segment 'src/cod/453D4C' may belong to the text segment 'fumi/src/way_util'
    Based on the usage from the function shortest_path to the symbol D_005540C0

Rodata segment 'src/cod/453D4C' may belong to the text segment 'script/src/gflag'
    Based on the usage from the function func_001792E0 to the symbol D_00554310

Rodata segment 'src/cod/453D4C' may belong to the text segment 'script/src/script'
    Based on the usage from the function scpDoorTypeUpDown to the symbol D_00554418

Rodata segment 'src/cod/453D4C' may belong to the text segment 'omori/src/attackhit'
    Based on the usage from the function AttackMail to the symbol D_00554530

Rodata segment 'src/cod/453D4C' may belong to the text segment 'script/src/warpGirl'
    Based on the usage from the function func_0017DC10 to the symbol D_00554540

Rodata segment 'src/cod/453D4C' may belong to the text segment 'omori/src/camera-editor'
    Based on the usage from the function drawXZArrow to the symbol D_00554798

Rodata segment 'src/cod/453D4C' may belong to the text segment 'omori/src/camera-ico2'
    Based on the usage from the function ReadCameraSet to the symbol D_00554AA0

Rodata segment 'src/cod/453D4C' may belong to the text segment 'omori/src/camera-root'
    Based on the usage from the function BackToGameCamera to the symbol D_00554C10

Rodata segment 'src/cod/453D4C' may belong to the text segment 'omori/src/chain'
    Based on the usage from the function chain_simulate_term_moveup to the symbol D_00554C70

Rodata segment 'src/cod/453D4C' may belong to the text segment 'omori/src/ebrain'
    Based on the usage from the function func_0018F1F0 to the symbol D_00554FA0

The rodata segment 'src/cod/453D4C' has jumptables that are not aligned properly file-wise, indicating one or more likely file split.
File split suggestions for this segment will follow in config yaml format:
      - [0x454C30, rodata]


Rodata segment 'src/cod/455060' may belong to the text segment 'omori/src/gv'
    Based on the usage from the function _DistGV to the symbol D_005550A8

Rodata segment 'src/cod/455060' may belong to the text segment 'omori/src/mail-add-data'
    Based on the usage from the function func_001927F8 to the symbol D_005550F0

Rodata segment 'src/cod/455060' may belong to the text segment 'omori/src/poly-flat'
    Based on the usage from the function IsPointIsInScreen to the symbol D_00555120

Rodata segment 'src/cod/4551A8' may belong to the text segment 'ito/src/gather_effect'
    Based on the usage from the function GatherEffect_SetGoal to the symbol D_005551A8

Rodata segment 'src/cod/456318' may belong to the text segment 'ito/src/gather_effect'
    Based on the usage from the function func_001952A0 to the symbol D_00556318

Rodata segment 'src/cod/456318' may belong to the text segment 'ito/src/itou_boss'
    Based on the usage from the function BossEnemyFunc to the symbol D_00556338

Rodata segment 'src/cod/456374' may belong to the text segment 'ito/src/itou_sub'
    Based on the usage from the function func_001962C0 to the symbol D_00556380

Rodata segment 'src/cod/4563E0' may belong to the text segment 'ito/src/queen'
    Based on the usage from the function func_001971B0 to the symbol D_00556780

Rodata segment 'src/cod/4563E0' may belong to the text segment 'ito/src/stage_orient'
    Based on the usage from the function StageOrientInit to the symbol D_00556F58

Rodata segment 'src/cod/4570F0' may belong to the text segment 'ito/mpeg/mv_strfile'
    Based on the usage from the function strFileRead to the symbol D_005570F0

Rodata segment 'src/cod/4570F0' may belong to the text segment 'ito/mpeg/mv_vobuf'
    Based on the usage from the function voBufDelete to the symbol D_00557158

Rodata segment 'src/cod/4570F0' may belong to the text segment 'fumi/ios/mcard'
    Based on the usage from the function iosMcMgrGetBlockSaveInfo to the symbol D_0055D41C

Rodata segment 'src/cod/4570F0' may belong to the text segment 'sugipon/src/delayFreeManager'
    Based on the usage from the function func_00101C80 to the symbol D_005CA5D8

Rodata segment 'src/cod/4570F0' may belong to the text segment 'fumi/sound/s_init'
    Based on the usage from the function soundDataSegNextStageNotUseClose to the symbol D_005D34E4

Rodata segment 'src/cod/4570F0' may belong to the text segment 'script/src/st04b'
    Based on the usage from the function actSt04bDoorXL to the symbol D_0060ADC0

Rodata segment 'src/cod/4570F0' may belong to the text segment 'script/src/st04c'
    Based on the usage from the function actSt04cEnemy2 to the symbol D_0060AE20

Rodata segment 'src/cod/4570F0' may belong to the text segment 'script/src/warpGirl'
    Based on the usage from the function func_0017C910 to the symbol D_0060AEB0

Rodata segment 'src/cod/4570F0' may belong to the text segment 'script/src/deja'
    Based on the usage from the function func_002068A8 to the symbol D_0060AF40

Rodata segment 'src/cod/4570F0' may belong to the text segment 'common/src/DObj'
    Based on the usage from the function UnlinkParentOfDObj to the symbol D_0060B0B0

Rodata segment 'src/cod/4570F0' may belong to the text segment 'common/src/StageManager'
    Based on the usage from the function stop_free_resources to the symbol D_0060B178

Rodata segment 'src/cod/4570F0' may belong to the text segment 'common/src/backStage'
    Based on the usage from the function backStageProcessInStage to the symbol D_0060B300

Rodata segment 'src/cod/4570F0' may belong to the text segment 'common/src/charFileManager'
    Based on the usage from the function ReadShadowModelFile to the symbol D_0060B478

Rodata segment 'src/cod/4570F0' may belong to the text segment 'common/src/debug_menu'
    Based on the usage from the function func_001A7C38 to the symbol D_0060D418

Rodata segment 'src/cod/4570F0' may belong to the text segment 'common/src/debug'
    Based on the usage from the function debug_GetDebugOption to the symbol D_0060D520

Rodata segment 'src/cod/4570F0' may belong to the text segment 'common/src/debug_exception'
    Based on the usage from the function initLineTraceTable to the symbol D_0060DA60

Rodata segment 'src/cod/50DAD8' may belong to the text segment 'common/src/debug_exception'
    Based on the usage from the function debug_assert to the symbol D_0060DAD8

Rodata segment 'src/cod/50DAD8' may belong to the text segment 'common/src/debug_menu'
    Based on the usage from the function func_001A7658 to the symbol D_0060DB30

Rodata segment 'src/cod/50DAD8' may belong to the text segment 'common/src/gamesys'
    Based on the usage from the function gamesysObjInfoBaseSet to the symbol D_0060E158

Rodata segment 'src/cod/50DAD8' may belong to the text segment 'common/src/haveParentSimpleObj'
    Based on the usage from the function ParentSimpleObjGeo to the symbol D_0060EF90

Rodata segment 'src/cod/50DAD8' may belong to the text segment 'common/src/icoMisc'
    Based on the usage from the function func_001AC000 to the symbol D_0060F310

Rodata segment 'src/cod/50DAD8' may belong to the text segment 'common/src/kanban'
    Based on the usage from the function func_001AD258 to the symbol D_0060F690

Rodata segment 'src/cod/50F6E0' may belong to the text segment 'common/src/kanbanBoot'
    Based on the usage from the function kanbanBootInit to the symbol D_0060F6E0

Rodata segment 'src/cod/50F6E0' may belong to the text segment 'common/src/layout_action'
    Based on the usage from the function _la_set_current_port_lock_2 to the symbol D_0060F8D8

Rodata segment 'src/cod/50F6E0' may belong to the text segment 'common/src/layout_texture'
    Based on the usage from the function lt_current_property_item to the symbol jtbl_0060FBE0

Rodata segment 'src/cod/50F6E0' may belong to the text segment 'common/src/sceneManager'
    Based on the usage from the function HotInitSceneObjects to the symbol D_0060FC60

Rodata segment 'src/cod/50F6E0' may belong to the text segment 'common/src/staffroll'
    Based on the usage from the function func_001B58B0 to the symbol D_0060FD78

Rodata segment 'src/cod/50F6E0' may belong to the text segment 'sugipon/src/a_p_1'
    Based on the usage from the function yAxisRotFitting to the symbol D_00610E60

Rodata segment 'src/cod/50F6E0' may belong to the text segment 'sugipon/src/box'
    Based on the usage from the function SwitchDL to the symbol D_00610F50

Rodata segment 'src/cod/50F6E0' may belong to the text segment 'sugipon/src/boy'
    Based on the usage from the function dispCrown to the symbol D_00611138

Rodata segment 'src/cod/50F6E0' may belong to the text segment 'sugipon/src/cage'
    Based on the usage from the function CageGeo to the symbol D_00611150

Rodata segment 'src/cod/511198' may belong to the text segment 'sugipon/src/clothAnimation'
    Based on the usage from the function TestDispChainAnimation to the symbol D_00611200

Rodata segment 'src/cod/511198' may belong to the text segment 'sugipon/src/clothTest'
    Based on the usage from the function func_001C6548 to the symbol D_00611260

Rodata segment 'src/cod/511198' may belong to the text segment 'sugipon/src/effectTool'
    Based on the usage from the function dispCircle2 to the symbol D_00611430

Rodata segment 'src/cod/511198' may belong to the text segment 'sugipon/src/enemy'
    Based on the usage from the function CheckEnemyHit to the symbol D_006114C0

Rodata segment 'src/cod/511198' may belong to the text segment 'sugipon/src/flag'
    Based on the usage from the function func_001CCDE8 to the symbol D_006116C8

Rodata segment 'src/cod/511198' may belong to the text segment 'sugipon/src/flyManager'
    Based on the usage from the function GetFlyLimitClearance to the symbol D_00611740

Rodata segment 'src/cod/511198' may belong to the text segment 'sugipon/src/girl'
    Based on the usage from the function debugWireStringGirl to the symbol D_00611820

Rodata segment 'src/cod/511850' may belong to the text segment 'sugipon/src/handManager'
    Based on the usage from the function connectToTarget to the symbol jtbl_00611850

Rodata segment 'src/cod/511850' may belong to the text segment 'sugipon/src/item'
    Based on the usage from the function uncarriedItemGeo to the symbol jtbl_006118E0

Rodata segment 'src/cod/511850' may belong to the text segment 'sugipon/src/lodManager'
    Based on the usage from the function func_001D1ED8 to the symbol D_00611990

Rodata segment 'src/cod/511850' may belong to the text segment 'sugipon/src/motionFileManager'
    Based on the usage from the function ResetStatic2MotionManager to the symbol jtbl_00611A30

Rodata segment 'src/cod/511850' may belong to the text segment 'sugipon/src/motionManager'
    Based on the usage from the function checkWallState to the symbol D_00611C28

Rodata segment 'src/cod/511850' may belong to the text segment 'sugipon/src/motionOrientManager'
    Based on the usage from the function shiftMotionOrientEndFunc to the symbol D_00611F50

Rodata segment 'src/cod/512064' may belong to the text segment 'sugipon/src/motionOrientManager'
    Based on the usage from the function SetMotionRequest to the symbol D_00612120

Rodata segment 'src/cod/512064' may belong to the text segment 'sugipon/src/motionViewer'
    Based on the usage from the function modeMessage to the symbol D_00612530

Rodata segment 'src/cod/512064' may belong to the text segment 'sugipon/src/moveColTest'
    Based on the usage from the function MoveColTestGeo to the symbol D_00612630

The rodata segment 'src/cod/512064' has jumptables that are not aligned properly file-wise, indicating one or more likely file split.
File split suggestions for this segment will follow in config yaml format:
      - [0x512290, rodata]


Rodata segment 'src/cod/512710' may belong to the text segment 'sugipon/src/particleEffect'
    Based on the usage from the function SetParticleEffectUpperLimit to the symbol D_00612710

Rodata segment 'src/cod/5128D0' may belong to the text segment 'sugipon/src/rope'
    Based on the usage from the function SetRopeFixPoint to the symbol D_006128D0

Rodata segment 'src/cod/5128D0' may belong to the text segment 'sugipon/src/rotObject'
    Based on the usage from the function GetRotObjectHoldPoint to the symbol D_006129B8

Rodata segment 'src/cod/5128D0' may belong to the text segment 'sugipon/src/spider'
    Based on the usage from the function CallSpidersToReviveEnemy to the symbol D_00612A30

Rodata segment 'src/cod/5128D0' may belong to the text segment 'sugipon/src/spiderGroupManager'
    Based on the usage from the function tryToRevive to the symbol D_00612B98

Rodata segment 'src/cod/5128D0' may belong to the text segment 'sugipon/src/staticBlur'
    Based on the usage from the function auraInspireAfter to the symbol D_00612D30

Rodata segment 'src/cod/5128D0' may belong to the text segment 'sugipon/src/stormTest'
    Based on the usage from the function func_001EDA68 to the symbol D_00612F48

Rodata segment 'src/cod/5128D0' may belong to the text segment 'sugipon/src/streamMotionManager'
    Based on the usage from the function ClearStreamMotionEntry to the symbol D_00613020

Rodata segment 'src/cod/5128D0' may belong to the text segment 'sugipon/src/torch'
    Based on the usage from the function moveTorch to the symbol D_006130B8

Rodata segment 'src/cod/5128D0' may belong to the text segment 'sugipon/src/worm'
    Based on the usage from the function disp to the symbol D_00613250

Rodata segment 'src/cod/513290' may belong to the text segment 'seki/src/BgAnimation'
    Based on the usage from the function bga_SetCameraMatrix to the symbol D_006133C8

Rodata segment 'src/cod/513290' may belong to the text segment 'seki/src/DisplayList'
    Based on the usage from the function dl_Out to the symbol D_006136B0

Rodata segment 'src/cod/513780' may belong to the text segment 'seki/src/EnemyInit'
    Based on the usage from the function enemy_GetPositionTable to the symbol D_00613780

Rodata segment 'src/cod/513820' may belong to the text segment 'fumi/sound/adpcm_init'
    Based on the usage from the function AdpcmPlay to the symbol D_00613838

Rodata segment 'src/cod/513820' may belong to the text segment 'fumi/src/act-env'
    Based on the usage from the function func_001FA130 to the symbol D_006138E0

Rodata segment 'src/cod/513820' may belong to the text segment 'fumi/src/act'
    Based on the usage from the function actChangeActBrain to the symbol D_00613A70

Rodata segment 'src/cod/513820' may belong to the text segment 'fumi/src/act2'
    Based on the usage from the function func_002015F8 to the symbol D_00613C00

Rodata segment 'src/cod/513820' may belong to the text segment 'fumi/src/seMail'
    Based on the usage from the function func_00202578 to the symbol D_00613C18

Rodata segment 'src/cod/513820' may belong to the text segment 'fumi/src/way_llf'
    Based on the usage from the function AddWayPoint to the symbol D_00613D40

Rodata segment 'src/cod/513820' may belong to the text segment 'fumi/src/way_tool'
    Based on the usage from the function draw_way_group to the symbol D_006141F8

Rodata segment 'src/cod/513820' may belong to the text segment 'script/src/deja'
    Based on the usage from the function actDejaChk to the symbol D_00614380

Rodata segment 'src/cod/514450' may belong to the text segment 'script/src/deja'
    Based on the usage from the function func_002068A8 to the symbol D_00614450

Rodata segment 'src/cod/514450' may belong to the text segment 'script/src/st00a'
    Based on the usage from the function actSt00aDoor2UpChk to the symbol D_006144C0

Rodata segment 'src/cod/514450' may belong to the text segment 'script/src/st03t'
    Based on the usage from the function actSt03tSekizoEvent to the symbol D_006145F0

Rodata segment 'src/cod/514450' may belong to the text segment 'script/src/st04b'
    Based on the usage from the function func_00213960 to the symbol D_006147B0

Rodata segment 'src/cod/514450' may belong to the text segment 'ito/mpeg/mv_disp'
    Based on the usage from the function setDMAscTag to the symbol D_00614F00

Rodata segment 'src/cod/514450' may belong to the text segment 'ito/mpeg/mv_sub'
    Based on the usage from the function func_00239E18 to the symbol D_00614F10

Rodata segment 'src/cod/514450' may belong to the text segment 'common/src/GobjProc'
    Based on the usage from the function InitCameraGObjs to the symbol D_00615180

Rodata segment 'src/cod/514450' may belong to the text segment 'sugipon/src/flyManager'
    Based on the usage from the function GetFlyLimitClearance to the symbol D_00619F58

Rodata segment 'src/cod/514450' may belong to the text segment 'sugipon/src/enemy'
    Based on the usage from the function setEnemyParticleObject to the symbol D_0061C6C0

Rodata segment 'src/cod/514450' may belong to the text segment 'common/src/PObj'
    Based on the usage from the function func_0023D7F8 to the symbol D_006280E0

Rodata segment 'src/cod/514450' may belong to the text segment 'sugipon/src/delayFreeManager'
    Based on the usage from the function func_00101C80 to the symbol D_00628C00

Rodata segment 'src/cod/514450' may belong to the text segment 'sugipon/src/keyInput'
    Based on the usage from the function ExecKeyInput to the symbol D_00628C04

Rodata segment 'src/cod/514450' may belong to the text segment 'sugipon/src/matrixDrive'
    Based on the usage from the function InitMatrixDrive to the symbol D_00628C0C

Rodata segment 'src/cod/514450' may belong to the text segment 'sugipon/src/motionManager2'
    Based on the usage from the function GetOrientOfCliffOfGObj to the symbol D_00628C44

Rodata segment 'src/cod/514450' may belong to the text segment 'sugipon/src/pool'
    Based on the usage from the function DispLimitedPoolReflactionMesh to the symbol D_00628C84

Rodata segment 'src/cod/514450' may belong to the text segment 'sugipon/src/quaternion'
    Based on the usage from the function MultiCurrentQuaternion to the symbol D_00628CAC

Rodata segment 'src/cod/514450' may belong to the text segment 'seki/src/DisplayP2O'
    Based on the usage from the function func_0010ED88 to the symbol D_00628CBC

Rodata segment 'src/cod/514450' may belong to the text segment 'seki/src/Light'
    Based on the usage from the function light_killLinkLight to the symbol D_00628CC8

Rodata segment 'src/cod/514450' may belong to the text segment 'seki/src/Packet'
    Based on the usage from the function pac_countOneVertexPacketSize to the symbol D_00628D3C

Rodata segment 'src/cod/514450' may belong to the text segment 'seki/src/Primitive'
    Based on the usage from the function prim_DispFan2D to the symbol D_00628D54

Rodata segment 'src/cod/514450' may belong to the text segment 'seki/src/StageAnimation'
    Based on the usage from the function stage_Init to the symbol D_00628D70

Rodata segment 'src/cod/514450' may belong to the text segment 'seki/src/Texture'
    Based on the usage from the function tex_ResetVram to the symbol D_00628D7C

Rodata segment 'src/cod/514450' may belong to the text segment 'seki/src/ZFog'
    Based on the usage from the function fog_MakeFogClut to the symbol D_00628D88

Rodata segment 'src/cod/514450' may belong to the text segment 'fumi/ios/pad'
    Based on the usage from the function iosPadGetStick to the symbol D_00628D94

Rodata segment 'src/cod/514450' may belong to the text segment 'fumi/sound/s_init'
    Based on the usage from the function _soundSeDefPlay to the symbol D_00628D9C

Rodata segment 'src/cod/514450' may belong to the text segment 'fumi/sound/soundManager'
    Based on the usage from the function sndBgmReadyNextStage to the symbol D_00628DBC

Rodata segment 'src/cod/514450' may belong to the text segment 'fumi/src/act-game'
    Based on the usage from the function ACTGame_SaveActorInformation to the symbol D_00628DD4

Rodata segment 'src/cod/514450' may belong to the text segment 'fumi/src/act-wish'
    Based on the usage from the function func_0014A008 to the symbol D_00628DF8

Rodata segment 'src/cod/514450' may belong to the text segment 'fumi/src/boyact'
    Based on the usage from the function CorrectOrient_RopeCliff to the symbol D_00628E04

Rodata segment 'src/cod/514450' may belong to the text segment 'fumi/src/commonact'
    Based on the usage from the function ChangeMailInLadder to the symbol D_00628F24

Rodata segment 'src/cod/514450' may belong to the text segment 'fumi/src/enemy_act'
    Based on the usage from the function actEnemyForceSwitchToCarry to the symbol D_00628FD8

Rodata segment 'src/cod/514450' may belong to the text segment 'fumi/src/fieldCollision'
    Based on the usage from the function ClipWallWaveForce to the symbol D_00629040

Rodata segment 'src/cod/514450' may belong to the text segment 'fumi/src/girl_act'
    Based on the usage from the function subGirlBrain_Attract to the symbol D_00629048

Rodata segment 'src/cod/514450' may belong to the text segment 'fumi/src/way_sys'
    Based on the usage from the function GetWay_begin to the symbol D_00629124

Rodata segment 'src/cod/514450' may belong to the text segment 'fumi/src/way_util'
    Based on the usage from the function nearest_waypoint_by_lineseg to the symbol D_00629128

Rodata segment 'src/cod/514450' may belong to the text segment 'script/src/gflag'
    Based on the usage from the function func_00179710 to the symbol D_00629158

Rodata segment 'src/cod/514450' may belong to the text segment 'script/src/st25a'
    Based on the usage from the function actConte12 to the symbol D_00629160

Rodata segment 'src/cod/514450' may belong to the text segment 'script/src/warpGirl'
    Based on the usage from the function func_0017C3D0 to the symbol D_00629168

Rodata segment 'src/cod/514450' may belong to the text segment 'omori/src/attackhit'
    Based on the usage from the function MakeAttackPack_Actor to the symbol D_0062919C

Rodata segment 'src/cod/514450' may belong to the text segment 'omori/src/camera-ico2'
    Based on the usage from the function func_00186198 to the symbol D_006291B8

Rodata segment 'src/cod/514450' may belong to the text segment 'omori/src/camera-root'
    Based on the usage from the function BackToGameCamera to the symbol D_006291E0

Rodata segment 'src/cod/514450' may belong to the text segment 'omori/src/chain'
    Based on the usage from the function chain_simulate_term_swingstart to the symbol D_006291EC

Rodata segment 'src/cod/514450' may belong to the text segment 'omori/src/ebrain'
    Based on the usage from the function eBrainGetTargetGeneratorFromLabel to the symbol D_0062928C

Rodata segment 'src/cod/514450' may belong to the text segment 'omori/src/generator'
    Based on the usage from the function CheckGeneratorCollision to the symbol D_0062929C

Rodata segment 'src/cod/514450' may belong to the text segment 'omori/src/gv'
    Based on the usage from the function _OrientGV to the symbol D_006292A8

Rodata segment 'src/cod/514450' may belong to the text segment 'omori/src/hand-camera'
    Based on the usage from the function HandCameraCorrect to the symbol D_006292B4

Rodata segment 'src/cod/514450' may belong to the text segment 'omori/src/mail-add-data'
    Based on the usage from the function ActSendMail_WithAdditionalData to the symbol D_006292BC

Rodata segment 'src/cod/514450' may belong to the text segment 'omori/src/poly-flat'
    Based on the usage from the function after_DrawLine to the symbol D_006292D0

Rodata segment 'src/cod/514450' may belong to the text segment 'ito/src/act_bird'
    Based on the usage from the function trans_bird to the symbol D_00629330

Rodata segment 'src/cod/514450' may belong to the text segment 'ito/src/gather_effect'
    Based on the usage from the function GatherEffect_SetGoal to the symbol D_00629334

Rodata segment 'src/cod/514450' may belong to the text segment 'ito/src/itou_sub'
    Based on the usage from the function func_001962C0 to the symbol D_00629344

Rodata segment 'src/cod/514450' may belong to the text segment 'ito/src/queen'
    Based on the usage from the function func_00197DE0 to the symbol D_00629360

Rodata segment 'src/cod/514450' may belong to the text segment 'ito/src/queen_barrier_disp'
    Based on the usage from the function queen_barrier_set_damage to the symbol D_006293C4

Rodata segment 'src/cod/514450' may belong to the text segment 'common/src/DObj'
    Based on the usage from the function initInitialInverseMatrix to the symbol D_006293CC

Rodata segment 'src/cod/514450' may belong to the text segment 'common/src/backStage'
    Based on the usage from the function backStageProcessInit to the symbol D_006293D4

Rodata segment 'src/cod/514450' may belong to the text segment 'common/src/debug'
    Based on the usage from the function debug_DispBar to the symbol D_006293D8

Rodata segment 'src/cod/514450' may belong to the text segment 'common/src/debug_exception'
    Based on the usage from the function func_001A6C68 to the symbol D_006293E4

Rodata segment 'src/cod/514450' may belong to the text segment 'common/src/gamesys'
    Based on the usage from the function gamesysObjInfoStageInitFlagCls to the symbol D_006293EC

Rodata segment 'src/cod/514450' may belong to the text segment 'common/src/haveParentSimpleObj'
    Based on the usage from the function func_001AB470 to the symbol D_006293F4

Rodata segment 'src/cod/514450' may belong to the text segment 'common/src/kanbanBoot'
    Based on the usage from the function func_001AFF98 to the symbol D_006293FC

Rodata segment 'src/cod/514450' may belong to the text segment 'common/src/layout_texture'
    Based on the usage from the function default_item_select to the symbol D_00629404

Rodata segment 'src/cod/514450' may belong to the text segment 'common/src/sceneManager'
    Based on the usage from the function HotInitSceneObjects to the symbol D_00629408

Rodata segment 'src/cod/514450' may belong to the text segment 'sugipon/src/a_p_1'
    Based on the usage from the function walkMot to the symbol D_00629410

Rodata segment 'src/cod/514450' may belong to the text segment 'sugipon/src/act_a_p_1'
    Based on the usage from the function standAI to the symbol D_00629420

Rodata segment 'src/cod/514450' may belong to the text segment 'sugipon/src/actressLight'
    Based on the usage from the function func_001B7E50 to the symbol D_0062942C

Rodata segment 'src/cod/514450' may belong to the text segment 'sugipon/src/box'
    Based on the usage from the function wallHitSE to the symbol D_00629438

Rodata segment 'src/cod/514450' may belong to the text segment 'sugipon/src/boy'
    Based on the usage from the function LightLineDL to the symbol D_006294A8

Rodata segment 'src/cod/514450' may belong to the text segment 'sugipon/src/cage'
    Based on the usage from the function CageRideFunc to the symbol D_006294CC

Rodata segment 'src/cod/514450' may belong to the text segment 'sugipon/src/chandelier'
    Based on the usage from the function func_001C0730 to the symbol D_006294E8

Rodata segment 'src/cod/514450' may belong to the text segment 'sugipon/src/clothAnimation'
    Based on the usage from the function TestDispChainAnimation to the symbol D_006294EC

Rodata segment 'src/cod/514450' may belong to the text segment 'sugipon/src/clothTest'
    Based on the usage from the function func_001C6DA0 to the symbol D_00629500

Rodata segment 'src/cod/514450' may belong to the text segment 'sugipon/src/darkVolume'
    Based on the usage from the function draw to the symbol D_00629504

Rodata segment 'src/cod/514450' may belong to the text segment 'sugipon/src/effectTool'
    Based on the usage from the function setQ to the symbol D_0062951C

Rodata segment 'src/cod/514450' may belong to the text segment 'sugipon/src/enemyParts'
    Based on the usage from the function func_001CC220 to the symbol D_00629538

Rodata segment 'src/cod/514450' may belong to the text segment 'sugipon/src/girl'
    Based on the usage from the function InitGirlGeo to the symbol D_00629564

Rodata segment 'src/cod/514450' may belong to the text segment 'sugipon/src/handManager'
    Based on the usage from the function _handManager to the symbol D_00629578

Rodata segment 'src/cod/514450' may belong to the text segment 'sugipon/src/item'
    Based on the usage from the function carriedItemGeo to the symbol D_0062957C

Rodata segment 'src/cod/514450' may belong to the text segment 'sugipon/src/motionFileManager'
    Based on the usage from the function ResetStatic2MotionManager to the symbol D_006295A8

Rodata segment 'src/cod/514450' may belong to the text segment 'sugipon/src/motionManager'
    Based on the usage from the function checkUpperWallState to the symbol D_006295F4

Rodata segment 'src/cod/514450' may belong to the text segment 'sugipon/src/motionOrientManager'
    Based on the usage from the function parallelMotionShift to the symbol D_0062965C

Rodata segment 'src/cod/514450' may belong to the text segment 'sugipon/src/motionViewer'
    Based on the usage from the function MotionViewer to the symbol D_0062968C

Rodata segment 'src/cod/514450' may belong to the text segment 'sugipon/src/particleEffect'
    Based on the usage from the function SetParticleEffect to the symbol D_00629694

Rodata segment 'src/cod/514450' may belong to the text segment 'sugipon/src/rope'
    Based on the usage from the function SetRopeFixPoint to the symbol D_006296A0

Rodata segment 'src/cod/514450' may belong to the text segment 'sugipon/src/rotObject'
    Based on the usage from the function moveEndSE to the symbol D_006296A4

Rodata segment 'src/cod/514450' may belong to the text segment 'sugipon/src/spider'
    Based on the usage from the function CallSpidersToReviveEnemy to the symbol D_006296B0

Rodata segment 'src/cod/514450' may belong to the text segment 'sugipon/src/staticBlur'
    Based on the usage from the function reduceCopyAlphaChannelOfWork1ToWork0 to the symbol D_006296B8

Rodata segment 'src/cod/514450' may belong to the text segment 'sugipon/src/stormTest'
    Based on the usage from the function func_001ECC10 to the symbol D_006296C0

Rodata segment 'src/cod/514450' may belong to the text segment 'sugipon/src/waySystemManager'
    Based on the usage from the function func_001EF4F0 to the symbol D_006296D8

Rodata segment 'src/cod/514450' may belong to the text segment 'sugipon/src/windField'
    Based on the usage from the function drawSenpuukiHaneUnit to the symbol D_006296E8

Rodata segment 'src/cod/514450' may belong to the text segment 'sugipon/src/windManager'
    Based on the usage from the function InitWindManager to the symbol D_006296F4

Rodata segment 'src/cod/514450' may belong to the text segment 'sugipon/src/wireLetter'
    Based on the usage from the function DefaultColorWireString to the symbol D_006296F8

Rodata segment 'src/cod/514450' may belong to the text segment 'sugipon/src/worm'
    Based on the usage from the function outerProcess to the symbol D_006296FC

Rodata segment 'src/cod/514450' may belong to the text segment 'seki/src/Basic'
    Based on the usage from the function dma_init to the symbol D_0062970C

Rodata segment 'src/cod/514450' may belong to the text segment 'seki/src/BgAnimation'
    Based on the usage from the function bga_ApplyDObject to the symbol D_00629710

Rodata segment 'src/cod/514450' may belong to the text segment 'fumi/src/act-env'
    Based on the usage from the function func_001FA3D0 to the symbol D_00629730

Rodata segment 'src/cod/514450' may belong to the text segment 'fumi/src/act-way'
    Based on the usage from the function DetourCheck to the symbol D_00629760

Rodata segment 'src/cod/514450' may belong to the text segment 'fumi/src/act'
    Based on the usage from the function ACTDebugMove to the symbol D_00629770

Rodata segment 'src/cod/514450' may belong to the text segment 'fumi/src/seMail'
    Based on the usage from the function seMail to the symbol D_00629784

Rodata segment 'src/cod/514450' may belong to the text segment 'fumi/src/way_tool'
    Based on the usage from the function point_insert to the symbol D_00629788

Rodata segment 'src/cod/514450' may belong to the text segment 'script/src/end'
    Based on the usage from the function actEndDemo02 to the symbol D_006297BC

Rodata segment 'src/cod/514450' may belong to the text segment 'script/src/st02a'
    Based on the usage from the function actSt02aSekizo to the symbol D_006297D8

Rodata segment 'src/cod/514450' may belong to the text segment 'script/src/st04a'
    Based on the usage from the function actSt04aTorch1 to the symbol D_006297F0

Rodata segment 'src/cod/514450' may belong to the text segment 'script/src/st04c'
    Based on the usage from the function actSt04cDoorDown to the symbol D_00629888

Rodata segment 'src/cod/514450' may belong to the text segment 'script/src/st04l'
    Based on the usage from the function actSt04lC2BallTurn to the symbol D_006298B0

Rodata segment 'src/cod/514450' may belong to the text segment 'script/src/st05e'
    Based on the usage from the function func_0021DAF8 to the symbol D_006298C0

Rodata segment 'src/cod/514450' may belong to the text segment 'script/src/st06a'
    Based on the usage from the function actSt06aDoorDownChk to the symbol D_006298D0

Rodata segment 'src/cod/514450' may belong to the text segment 'script/src/st08b'
    Based on the usage from the function actSt08bDoorDownEffect to the symbol D_006298D8

Rodata segment 'src/cod/514450' may belong to the text segment 'script/src/st10l'
    Based on the usage from the function actSt10lEnemy1_2 to the symbol D_006298F0

Rodata segment 'src/cod/514450' may belong to the text segment 'script/src/st13a'
    Based on the usage from the function func_00225A18 to the symbol D_00629904

Rodata segment 'src/cod/514450' may belong to the text segment 'script/src/st13b2'
    Based on the usage from the function func_002271F0 to the symbol D_00629914

Rodata segment 'src/cod/514450' may belong to the text segment 'script/src/st13c'
    Based on the usage from the function actSt13cCageFallChk to the symbol D_00629928

Rodata segment 'src/cod/514450' may belong to the text segment 'script/src/st13d'
    Based on the usage from the function func_002294B0 to the symbol D_00629938

Rodata segment 'src/cod/514450' may belong to the text segment 'script/src/st17b'
    Based on the usage from the function actSt17bTest to the symbol D_0062993C

Rodata segment 'src/cod/514450' may belong to the text segment 'script/src/st18a'
    Based on the usage from the function actSt18aIntro to the symbol D_00629968

Rodata segment 'src/cod/514450' may belong to the text segment 'script/src/st19a'
    Based on the usage from the function actSt19aChainUp to the symbol D_00629984

Rodata segment 'src/cod/514450' may belong to the text segment 'script/src/st20a'
    Based on the usage from the function actSt20aBridge to the symbol D_00629990

Rodata segment 'src/cod/514450' may belong to the text segment 'script/src/st22a'
    Based on the usage from the function func_002313B0 to the symbol D_00629994

Rodata segment 'src/cod/514450' may belong to the text segment 'script/src/st24a'
    Based on the usage from the function actSt24aSwordChk to the symbol D_006299A4

Rodata segment 'src/cod/514450' may belong to the text segment 'script/src/st47a'
    Based on the usage from the function actSt47aEnd to the symbol D_006299D4

Rodata segment 'src/cod/514450' may belong to the text segment 'script/src/st99a'
    Based on the usage from the function actSpider to the symbol D_006299EC

Rodata segment 'src/cod/514450' may belong to the text segment 'script/src/stageSEProc'
    Based on the usage from the function stageSE06abirdIn to the symbol D_006299F8

Rodata segment 'src/cod/514450' may belong to the text segment 'omori/src/access'
    Based on the usage from the function GetDataFileName2 to the symbol D_00629A30

Rodata segment 'src/cod/514450' may belong to the text segment 'omori/src/objact'
    Based on the usage from the function func_00237E28 to the symbol D_00629A6C

Rodata segment 'src/cod/514450' may belong to the text segment 'ito/mpeg/mv_audiodec'
    Based on the usage from the function func_002388F0 to the symbol D_00629AEC

Rodata segment 'src/cod/514450' may belong to the text segment 'seki/src/GsBase'
    Based on the usage from the function gsb_setParticleReg to the symbol D_00629EE0
Scanning cod: 100%|██████████| 1/1 [00:12<00:00, 12.71s/it]Scanning cod: 100%|██████████| 1/1 [00:12<00:00, 12.71s/it]
  0%|          | 0/1 [00:00<?, ?it/s]Splitting cod:   0%|          | 0/1 [00:00<?, ?it/s]Splitting cod: 100%|██████████| 1/1 [00:19<00:00, 19.90s/it]Splitting cod: 100%|██████████| 1/1 [00:19<00:00, 19.90s/it]
  0%|          | 0/1 [00:00<?, ?it/s]Linker script cod:   0%|          | 0/1 [00:00<?, ?it/s]Linker script cod: 100%|██████████| 1/1 [00:00<00:00, 16.67it/s]
Split 1 MB (27.81%) in defined segments
                 asm:     7 KB (0.13%) 1 split, 0 cached
                   c:     1 MB (27.29%) 218 split, 0 cached
                hasm:    20 KB (0.38%) 5 split, 0 cached
             textbin:     48 B (0.00%) 1 split, 0 cached
             unknown:      0 B (0.00%) from unknown bin files
==> aug6: raw pipeline (no postprocess, no data-migration)
==> regenerating build.ninja
gen_ninja: wrote build.ninja (261 splat + 0 sidecar = 261 objects)
[1/264] AS build/asm/aug6/src/cod/000000.o
[2/264] CC build/sugipon/src/delayFreeManager.o
[3/264] CC build/sugipon/src/matrixDrive.o
[4/264] CC build/sugipon/src/keyInput.o
sugipon/src/keyInput.c: In function `func_001044F0':
sugipon/src/keyInput.c:81: warning: initialization from incompatible pointer type
sugipon/src/keyInput.c: In function `func_00104EB0':
sugipon/src/keyInput.c:276: warning: passing arg 3 of `func_0023FE08' makes integer from pointer without a cast
sugipon/src/keyInput.c: In function `func_001050A8':
sugipon/src/keyInput.c:310: warning: passing arg 1 of `MatrixDrive_TurnObjectMatrix' makes integer from pointer without a cast
sugipon/src/keyInput.c:310: warning: passing arg 2 of `MatrixDrive_TurnObjectMatrix' makes integer from pointer without a cast
[5/264] CC build/sugipon/src/geometryManager.o
sugipon/src/geometryManager.c: In function `UpdateRootMatrix':
sugipon/src/geometryManager.c:42: warning: passing arg 1 of `GetRootQuaternion' makes integer from pointer without a cast
sugipon/src/geometryManager.c:42: warning: passing arg 2 of `GetRootQuaternion' makes integer from pointer without a cast
sugipon/src/geometryManager.c: In function `GetRootMatrixRotOffset':
sugipon/src/geometryManager.c:87: warning: initialization from incompatible pointer type
sugipon/src/geometryManager.c:90: warning: initialization from incompatible pointer type
sugipon/src/geometryManager.c: In function `SetRootMatrixRotOffset':
sugipon/src/geometryManager.c:104: warning: passing arg 2 of `MatrixDrive_TurnObjectMatrix' makes integer from pointer without a cast
sugipon/src/geometryManager.c: At top level:
sugipon/src/geometryManager.c:150: warning: type mismatch with previous implicit declaration
sugipon/src/geometryManager.c:140: warning: previous implicit declaration of `func_0010E250'
sugipon/src/geometryManager.c:150: warning: `func_0010E250' was previously implicitly declared to return `int'
sugipon/src/geometryManager.c:151: warning: type mismatch with previous implicit declaration
sugipon/src/geometryManager.c:144: warning: previous implicit declaration of `func_0023FE08'
sugipon/src/geometryManager.c:151: warning: `func_0023FE08' was previously implicitly declared to return `int'
[6/264] CC build/sugipon/src/pool.o
[7/264] CC build/sugipon/src/motionManager2.o
sugipon/src/motionManager2.c: In function `SetMotionDirectionWithLimit':
sugipon/src/motionManager2.c:71: warning: passing arg 2 of `MatrixDrive_TurnObjectMatrix' makes pointer from integer without a cast
sugipon/src/motionManager2.c:72: warning: passing arg 2 of `MatrixDrive_TurnObjectMatrix' makes pointer from integer without a cast
sugipon/src/motionManager2.c: In function `GetRootPosOfNextFrame':
sugipon/src/motionManager2.c:82: warning: passing arg 2 of `MatrixDrive_TurnObjectMatrix' makes pointer from integer without a cast
sugipon/src/motionManager2.c:83: warning: passing arg 2 of `MatrixDrive_TurnObjectMatrix' makes pointer from integer without a cast
[8/264] CC build/sugipon/src/quaternion.o
sugipon/src/quaternion.c: In function `SetCurrentQuaternion':
sugipon/src/quaternion.c:23: warning: passing arg 1 of `RegularizeQuaternion' makes integer from pointer without a cast
sugipon/src/quaternion.c:23: warning: passing arg 2 of `RegularizeQuaternion' makes integer from pointer without a cast
sugipon/src/quaternion.c: In function `RegularizeQuaternion':
sugipon/src/quaternion.c:151: warning: passing arg 1 of `GetInverseQuaternion' makes pointer from integer without a cast
sugipon/src/quaternion.c:151: warning: passing arg 2 of `GetInverseQuaternion' makes pointer from integer without a cast
  → consider adding quaternion to /primary/dev/ico-aug6/config/use_modern_as.txt
asm/aug6/nonmatchings/sugipon/src/quaternion/MultiCurrentQuaternion.s: Assembler messages:
asm/aug6/nonmatchings/sugipon/src/quaternion/MultiCurrentQuaternion.s:5: Warning: used $at without ".set noat"
asm/aug6/nonmatchings/sugipon/src/quaternion/MultiCurrentQuaternion.s:6: Warning: used $at without ".set noat"
asm/aug6/nonmatchings/sugipon/src/quaternion/MultiCurrentQuaternion.s:9: Warning: used $at without ".set noat"
asm/aug6/nonmatchings/sugipon/src/quaternion/MultiCurrentQuaternion.s:10: Warning: used $at without ".set noat"
asm/aug6/nonmatchings/sugipon/src/quaternion/MultiCurrentQuaternion.s:11: Warning: used $at without ".set noat"
asm/aug6/nonmatchings/sugipon/src/quaternion/MultiCurrentQuaternion.s:12: Warning: used $at without ".set noat"
asm/aug6/nonmatchings/sugipon/src/quaternion/MultiCurrentQuaternion.s:25: Warning: used $at without ".set noat"
asm/aug6/nonmatchings/sugipon/src/quaternion/MultiCurrentQuaternion.s:26: Warning: used $at without ".set noat"
asm/aug6/nonmatchings/sugipon/src/quaternion/MultiCurrentQuaternion.s:33: Warning: used $at without ".set noat"
asm/aug6/nonmatchings/sugipon/src/quaternion/MultiCurrentQuaternion.s:34: Warning: used $at without ".set noat"
asm/aug6/nonmatchings/sugipon/src/quaternion/GetQuaternionFromMatrix.s:27: Warning: used $at without ".set noat"
asm/aug6/nonmatchings/sugipon/src/quaternion/GetQuaternionFromMatrix.s:28: Warning: used $at without ".set noat"
asm/aug6/nonmatchings/sugipon/src/quaternion/GetQuaternionFromMatrix.s:31: Warning: used $at without ".set noat"
asm/aug6/nonmatchings/sugipon/src/quaternion/GetQuaternionFromMatrix.s:32: Warning: used $at without ".set noat"
asm/aug6/nonmatchings/sugipon/src/quaternion/GetQuaternionFromMatrix.s:78: Warning: used $at without ".set noat"
asm/aug6/nonmatchings/sugipon/src/quaternion/GetQuaternionFromMatrix.s:79: Warning: used $at without ".set noat"
asm/aug6/nonmatchings/sugipon/src/quaternion/GetQuaternionFromMatrix.s:97: Warning: used $at without ".set noat"
asm/aug6/nonmatchings/sugipon/src/quaternion/GetQuaternionFromMatrix.s:98: Warning: used $at without ".set noat"
asm/aug6/nonmatchings/sugipon/src/quaternion/GetSlerpQuaternion.s:33: Warning: used $at without ".set noat"
asm/aug6/nonmatchings/sugipon/src/quaternion/GetSlerpQuaternion.s:34: Warning: used $at without ".set noat"
asm/aug6/nonmatchings/sugipon/src/quaternion/GetSlerpQuaternion.s:68: Warning: used $at without ".set noat"
asm/aug6/nonmatchings/sugipon/src/quaternion/GetSlerpQuaternion.s:69: Warning: used $at without ".set noat"
[9/264] CC build/sugipon/src/tableSin.o
  → consider adding tableSin to /primary/dev/ico-aug6/config/use_modern_as.txt
asm/aug6/nonmatchings/sugipon/src/tableSin/func_0010E628.s: Assembler messages:
asm/aug6/nonmatchings/sugipon/src/tableSin/func_0010E628.s:16: Warning: used $at without ".set noat"
asm/aug6/nonmatchings/sugipon/src/tableSin/func_0010E628.s:17: Warning: used $at without ".set noat"
asm/aug6/nonmatchings/sugipon/src/tableSin/func_0010E628.s:19: Warning: used $at without ".set noat"
asm/aug6/nonmatchings/sugipon/src/tableSin/func_0010E628.s:20: Warning: used $at without ".set noat"
[10/264] CC build/seki/src/DisplayP2O.o
  → consider adding DisplayP2O to /primary/dev/ico-aug6/config/use_modern_as.txt
asm/aug6/nonmatchings/seki/src/DisplayP2O/p2o_MakePacket.s: Assembler messages:
asm/aug6/nonmatchings/seki/src/DisplayP2O/p2o_MakePacket.s:16: Warning: used $at without ".set noat"
asm/aug6/nonmatchings/seki/src/DisplayP2O/p2o_MakePacket.s:17: Warning: used $at without ".set noat"
asm/aug6/nonmatchings/seki/src/DisplayP2O/p2o_MakePacket.s:19: Warning: used $at without ".set noat"
asm/aug6/nonmatchings/seki/src/DisplayP2O/p2o_MakePacket.s:20: Warning: used $at without ".set noat"
asm/aug6/nonmatchings/seki/src/DisplayP2O/p2o_DispShadowVolume.s:6: Warning: used $at without ".set noat"
asm/aug6/nonmatchings/seki/src/DisplayP2O/p2o_DispShadowVolume.s:7: Warning: used $at without ".set noat"
asm/aug6/nonmatchings/seki/src/DisplayP2O/p2o_DispShadowVolume.s:32: Warning: used $at without ".set noat"
asm/aug6/nonmatchings/seki/src/DisplayP2O/p2o_DispShadowVolume.s:33: Warning: used $at without ".set noat"
asm/aug6/nonmatchings/seki/src/DisplayP2O/p2o_HideDispVU1.s:6: Warning: used $at without ".set noat"
asm/aug6/nonmatchings/seki/src/DisplayP2O/p2o_HideDispVU1.s:7: Warning: used $at without ".set noat"
asm/aug6/nonmatchings/seki/src/DisplayP2O/p2o_HideDispVU1.s:32: Warning: used $at without ".set noat"
asm/aug6/nonmatchings/seki/src/DisplayP2O/p2o_HideDispVU1.s:33: Warning: used $at without ".set noat"
asm/aug6/nonmatchings/seki/src/DisplayP2O/p2o_DispVU1DObj.s:6: Warning: used $at without ".set noat"
asm/aug6/nonmatchings/seki/src/DisplayP2O/p2o_DispVU1DObj.s:7: Warning: used $at without ".set noat"
asm/aug6/nonmatchings/seki/src/DisplayP2O/p2o_DispVU1DObj.s:32: Warning: used $at without ".set noat"
asm/aug6/nonmatchings/seki/src/DisplayP2O/p2o_DispVU1DObj.s:33: Warning: used $at without ".set noat"
asm/aug6/nonmatchings/seki/src/DisplayP2O/p2o_DispVU1DObjMulti.s:19: Warning: used $at without ".set noat"
asm/aug6/nonmatchings/seki/src/DisplayP2O/p2o_DispVU1DObjMulti.s:20: Warning: used $at without ".set noat"
asm/aug6/nonmatchings/seki/src/DisplayP2O/p2o_DispVU1DObjMulti.s:24: Warning: used $at without ".set noat"
asm/aug6/nonmatchings/seki/src/DisplayP2O/p2o_DispVU1DObjMulti.s:25: Warning: used $at without ".set noat"
[11/264] CC build/seki/src/GifPacket.o
  → consider adding GifPacket to /primary/dev/ico-aug6/config/use_modern_as.txt
[12/264] CC build/seki/src/FileManager.o
[13/264] CC build/seki/src/GsBase.o
[14/264] CC build/seki/src/Matrix.o
  → consider adding Matrix to /primary/dev/ico-aug6/config/use_modern_as.txt
[15/264] CC build/seki/src/Light.o
  → consider adding Light to /primary/dev/ico-aug6/config/use_modern_as.txt
asm/aug6/nonmatchings/seki/src/Light/light_killLinkLight.s: Assembler messages:
asm/aug6/nonmatchings/seki/src/Light/light_killLinkLight.s:9: Warning: used $at without ".set noat"
asm/aug6/nonmatchings/seki/src/Light/light_killLinkLight.s:10: Warning: used $at without ".set noat"
asm/aug6/nonmatchings/seki/src/Light/light_killLinkLight.s:46: Warning: used $at without ".set noat"
asm/aug6/nonmatchings/seki/src/Light/light_killLinkLight.s:47: Warning: used $at without ".set noat"
asm/aug6/nonmatchings/seki/src/Light/light_killLinkLight.s:50: Warning: used $at without ".set noat"
asm/aug6/nonmatchings/seki/src/Light/light_killLinkLight.s:51: Warning: used $at without ".set noat"
asm/aug6/nonmatchings/seki/src/Light/light_killLinkLight.s:79: Warning: used $at without ".set noat"
asm/aug6/nonmatchings/seki/src/Light/light_killLinkLight.s:80: Warning: used $at without ".set noat"
asm/aug6/nonmatchings/seki/src/Light/light_killLinkLight.s:83: Warning: used $at without ".set noat"
asm/aug6/nonmatchings/seki/src/Light/light_killLinkLight.s:84: Warning: used $at without ".set noat"
asm/aug6/nonmatchings/seki/src/Light/light_killLinkLight.s:91: Warning: used $at without ".set noat"
asm/aug6/nonmatchings/seki/src/Light/light_killLinkLight.s:92: Warning: used $at without ".set noat"
asm/aug6/nonmatchings/seki/src/Light/light_killLinkLight.s:96: Warning: used $at without ".set noat"
asm/aug6/nonmatchings/seki/src/Light/light_killLinkLight.s:97: Warning: used $at without ".set noat"
asm/aug6/nonmatchings/seki/src/Light/light_killLinkLight.s:106: Warning: used $at without ".set noat"
asm/aug6/nonmatchings/seki/src/Light/light_killLinkLight.s:107: Warning: used $at without ".set noat"
asm/aug6/nonmatchings/seki/src/Light/light_AddAmbientObject.s:36: Warning: used $at without ".set noat"
asm/aug6/nonmatchings/seki/src/Light/light_AddAmbientObject.s:37: Warning: used $at without ".set noat"
asm/aug6/nonmatchings/seki/src/Light/light_AddAmbientObject.s:39: Warning: used $at without ".set noat"
asm/aug6/nonmatchings/seki/src/Light/light_AddAmbientObject.s:40: Warning: used $at without ".set noat"
asm/aug6/nonmatchings/seki/src/Light/light_AddAmbientObject.s:66: Warning: used $at without ".set noat"
asm/aug6/nonmatchings/seki/src/Light/light_AddAmbientObject.s:67: Warning: used $at without ".set noat"
asm/aug6/nonmatchings/seki/src/Light/light_AddAmbientObject.s:136: Warning: used $at without ".set noat"
asm/aug6/nonmatchings/seki/src/Light/light_AddAmbientObject.s:137: Warning: used $at without ".set noat"
asm/aug6/nonmatchings/seki/src/Light/light_AddAmbientObject.s:139: Warning: used $at without ".set noat"
asm/aug6/nonmatchings/seki/src/Light/light_AddAmbientObject.s:140: Warning: used $at without ".set noat"
asm/aug6/nonmatchings/seki/src/Light/light_resetFlatLight.s:62: Warning: used $at without ".set noat"
asm/aug6/nonmatchings/seki/src/Light/light_resetFlatLight.s:63: Warning: used $at without ".set noat"
asm/aug6/nonmatchings/seki/src/Light/light_resetFlatLight.s:326: Warning: used $at without ".set noat"
asm/aug6/nonmatchings/seki/src/Light/light_resetFlatLight.s:327: Warning: used $at without ".set noat"
asm/aug6/nonmatchings/seki/src/Light/func_00115CA8.s:25: Warning: used $at without ".set noat"
asm/aug6/nonmatchings/seki/src/Light/func_00115CA8.s:26: Warning: used $at without ".set noat"
asm/aug6/nonmatchings/seki/src/Light/func_00115CA8.s:41: Warning: used $at without ".set noat"
asm/aug6/nonmatchings/seki/src/Light/func_00115CA8.s:42: Warning: used $at without ".set noat"
asm/aug6/nonmatchings/seki/src/Light/func_00115CA8.s:67: Warning: used $at without ".set noat"
asm/aug6/nonmatchings/seki/src/Light/func_00115CA8.s:68: Warning: used $at without ".set noat"
asm/aug6/nonmatchings/seki/src/Light/func_00115CA8.s:142: Warning: used $at without ".set noat"
asm/aug6/nonmatchings/seki/src/Light/func_00115CA8.s:143: Warning: used $at without ".set noat"
asm/aug6/nonmatchings/seki/src/Light/func_00115CA8.s:400: Warning: used $at without ".set noat"
asm/aug6/nonmatchings/seki/src/Light/func_00115CA8.s:401: Warning: used $at without ".set noat"
asm/aug6/nonmatchings/seki/src/Light/func_00115CA8.s:465: Warning: used $at without ".set noat"
asm/aug6/nonmatchings/seki/src/Light/func_00115CA8.s:466: Warning: used $at without ".set noat"
asm/aug6/nonmatchings/seki/src/Light/func_001163E8.s:24: Warning: used $at without ".set noat"
asm/aug6/nonmatchings/seki/src/Light/func_001163E8.s:25: Warning: used $at without ".set noat"
asm/aug6/nonmatchings/seki/src/Light/func_001163E8.s:155: Warning: used $at without ".set noat"
asm/aug6/nonmatchings/seki/src/Light/func_001163E8.s:156: Warning: used $at without ".set noat"
asm/aug6/nonmatchings/seki/src/Light/func_001163E8.s:178: Warning: used $at without ".set noat"
asm/aug6/nonmatchings/seki/src/Light/func_001163E8.s:179: Warning: used $at without ".set noat"
asm/aug6/nonmatchings/seki/src/Light/func_001163E8.s:229: Warning: used $at without ".set noat"
asm/aug6/nonmatchings/seki/src/Light/func_001163E8.s:230: Warning: used $at without ".set noat"
asm/aug6/nonmatchings/seki/src/Light/func_001163E8.s:232: Warning: used $at without ".set noat"
asm/aug6/nonmatchings/seki/src/Light/func_001163E8.s:233: Warning: used $at without ".set noat"
asm/aug6/nonmatchings/seki/src/Light/func_001169D8.s:156: Warning: used $at without ".set noat"
asm/aug6/nonmatchings/seki/src/Light/func_001169D8.s:157: Warning: used $at without ".set noat"
asm/aug6/nonmatchings/seki/src/Light/func_001169D8.s:176: Warning: used $at without ".set noat"
asm/aug6/nonmatchings/seki/src/Light/func_001169D8.s:177: Warning: used $at without ".set noat"
asm/aug6/nonmatchings/seki/src/Light/func_00116CB8.s:27: Warning: used $at without ".set noat"
asm/aug6/nonmatchings/seki/src/Light/func_00116CB8.s:28: Warning: used $at without ".set noat"
asm/aug6/nonmatchings/seki/src/Light/func_00116CB8.s:185: Warning: used $at without ".set noat"
asm/aug6/nonmatchings/seki/src/Light/func_00116CB8.s:186: Warning: used $at without ".set noat"
asm/aug6/nonmatchings/seki/src/Light/func_00116CB8.s:191: Warning: used $at without ".set noat"
asm/aug6/nonmatchings/seki/src/Light/func_00116CB8.s:192: Warning: used $at without ".set noat"
asm/aug6/nonmatchings/seki/src/Light/func_00117038.s:154: Warning: used $at without ".set noat"
asm/aug6/nonmatchings/seki/src/Light/func_00117038.s:155: Warning: used $at without ".set noat"
asm/aug6/nonmatchings/seki/src/Light/func_00117038.s:446: Warning: used $at without ".set noat"
asm/aug6/nonmatchings/seki/src/Light/func_00117038.s:447: Warning: used $at without ".set noat"
asm/aug6/nonmatchings/seki/src/Light/func_00117038.s:611: Warning: used $at without ".set noat"
asm/aug6/nonmatchings/seki/src/Light/func_00117038.s:612: Warning: used $at without ".set noat"
asm/aug6/nonmatchings/seki/src/Light/func_00117038.s:776: Warning: used $at without ".set noat"
asm/aug6/nonmatchings/seki/src/Light/func_00117038.s:777: Warning: used $at without ".set noat"
asm/aug6/nonmatchings/seki/src/Light/func_00117038.s:830: Warning: used $at without ".set noat"
asm/aug6/nonmatchings/seki/src/Light/func_00117038.s:831: Warning: used $at without ".set noat"
asm/aug6/nonmatchings/seki/src/Light/func_00117C48.s:16: Warning: used $at without ".set noat"
asm/aug6/nonmatchings/seki/src/Light/func_00117C48.s:17: Warning: used $at without ".set noat"
asm/aug6/nonmatchings/seki/src/Light/func_00117CB8.s:18: Warning: used $at without ".set noat"
asm/aug6/nonmatchings/seki/src/Light/func_00117CB8.s:19: Warning: used $at without ".set noat"
asm/aug6/nonmatchings/seki/src/Light/func_00117D78.s:88: Warning: used $at without ".set noat"
asm/aug6/nonmatchings/seki/src/Light/func_00117D78.s:89: Warning: used $at without ".set noat"
asm/aug6/nonmatchings/seki/src/Light/func_00117D78.s:143: Warning: used $at without ".set noat"
asm/aug6/nonmatchings/seki/src/Light/func_00117D78.s:144: Warning: used $at without ".set noat"
[16/264] CC build/seki/src/MicroCode.o
  → consider adding MicroCode to /primary/dev/ico-aug6/config/use_modern_as.txt
[17/264] CC build/seki/src/Packet.o
seki/src/Packet.c: In function `func_0011C328':
seki/src/Packet.c:276: warning: passing arg 1 of `pac_setVifEndCode' from incompatible pointer type
  → consider adding Packet to /primary/dev/ico-aug6/config/use_modern_as.txt
asm/aug6/nonmatchings/seki/src/Packet/pac_closeTag.s: Assembler messages:
asm/aug6/nonmatchings/seki/src/Packet/pac_closeTag.s:40: Warning: used $at without ".set noat"
asm/aug6/nonmatchings/seki/src/Packet/pac_closeTag.s:41: Warning: used $at without ".set noat"
asm/aug6/nonmatchings/seki/src/Packet/pac_checkDivide.s:100: Warning: used $at without ".set noat"
asm/aug6/nonmatchings/seki/src/Packet/pac_checkDivide.s:101: Warning: used $at without ".set noat"
asm/aug6/nonmatchings/seki/src/Packet/pac_checkDivide.s:239: Warning: used $at without ".set noat"
asm/aug6/nonmatchings/seki/src/Packet/pac_checkDivide.s:240: Warning: used $at without ".set noat"
asm/aug6/nonmatchings/seki/src/Packet/pac_checkDivide.s:272: Warning: used $at without ".set noat"
asm/aug6/nonmatchings/seki/src/Packet/pac_checkDivide.s:273: Warning: used $at without ".set noat"
asm/aug6/nonmatchings/seki/src/Packet/pac_checkDivide.s:275: Warning: used $at without ".set noat"
asm/aug6/nonmatchings/seki/src/Packet/pac_checkDivide.s:276: Warning: used $at without ".set noat"
asm/aug6/nonmatchings/seki/src/Packet/pac_makeStrip.s:112: Warning: used $at without ".set noat"
asm/aug6/nonmatchings/seki/src/Packet/pac_makeStrip.s:113: Warning: used $at without ".set noat"
asm/aug6/nonmatchings/seki/src/Packet/pac_makeStrip.s:242: Warning: used $at without ".set noat"
asm/aug6/nonmatchings/seki/src/Packet/pac_makeStrip.s:243: Warning: used $at without ".set noat"
asm/aug6/nonmatchings/seki/src/Packet/pac_makeStrip.s:319: Warning: used $at without ".set noat"
asm/aug6/nonmatchings/seki/src/Packet/pac_makeStrip.s:320: Warning: used $at without ".set noat"
asm/aug6/nonmatchings/seki/src/Packet/pac_makeStrip.s:354: Warning: used $at without ".set noat"
asm/aug6/nonmatchings/seki/src/Packet/pac_makeStrip.s:355: Warning: used $at without ".set noat"
asm/aug6/nonmatchings/seki/src/Packet/pac_makeStrip.s:357: Warning: used $at without ".set noat"
asm/aug6/nonmatchings/seki/src/Packet/pac_makeStrip.s:358: Warning: used $at without ".set noat"
asm/aug6/nonmatchings/seki/src/Packet/func_0011BB00.s:416: Warning: used $at without ".set noat"
asm/aug6/nonmatchings/seki/src/Packet/func_0011BB00.s:417: Warning: used $at without ".set noat"
[18/264] CC build/seki/src/RegistPacket.o
seki/src/RegistPacket.c:34: warning: type mismatch with previous implicit declaration
seki/src/RegistPacket.c:31: warning: previous implicit declaration of `pac_getWeight'
seki/src/RegistPacket.c:34: warning: `pac_getWeight' was previously implicitly declared to return `int'
[19/264] CC build/seki/src/Primitive.o
[20/264] CC build/seki/src/Shadow.o
  → consider adding Shadow to /primary/dev/ico-aug6/config/use_modern_as.txt
asm/aug6/nonmatchings/seki/src/Shadow/shadow_Reset.s: Assembler messages:
asm/aug6/nonmatchings/seki/src/Shadow/shadow_Reset.s:39: Warning: used $at without ".set noat"
asm/aug6/nonmatchings/seki/src/Shadow/shadow_Reset.s:40: Warning: used $at without ".set noat"
asm/aug6/nonmatchings/seki/src/Shadow/shadow_getShadowVectorAverage.s:17: Warning: used $at without ".set noat"
asm/aug6/nonmatchings/seki/src/Shadow/shadow_getShadowVectorAverage.s:18: Warning: used $at without ".set noat"
asm/aug6/nonmatchings/seki/src/Shadow/shadow_RenderVolume.s:6: Warning: used $at without ".set noat"
asm/aug6/nonmatchings/seki/src/Shadow/shadow_RenderVolume.s:7: Warning: used $at without ".set noat"
asm/aug6/nonmatchings/seki/src/Shadow/func_00123B18.s:24: Warning: used $at without ".set noat"
asm/aug6/nonmatchings/seki/src/Shadow/func_00123B18.s:25: Warning: used $at without ".set noat"
asm/aug6/nonmatchings/seki/src/Shadow/func_00123B18.s:39: Warning: used $at without ".set noat"
asm/aug6/nonmatchings/seki/src/Shadow/func_00123B18.s:40: Warning: used $at without ".set noat"
asm/aug6/nonmatchings/seki/src/Shadow/func_00123B18.s:223: Warning: used $at without ".set noat"
asm/aug6/nonmatchings/seki/src/Shadow/func_00123B18.s:224: Warning: used $at without ".set noat"
asm/aug6/nonmatchings/seki/src/Shadow/func_00123B18.s:237: Warning: used $at without ".set noat"
asm/aug6/nonmatchings/seki/src/Shadow/func_00123B18.s:238: Warning: used $at without ".set noat"
asm/aug6/nonmatchings/seki/src/Shadow/func_00123B18.s:270: Warning: used $at without ".set noat"
asm/aug6/nonmatchings/seki/src/Shadow/func_00123B18.s:271: Warning: used $at without ".set noat"
[21/264] CC build/seki/src/Texture.o
[22/264] CC build/fumi/ios/cdvd.o
[23/264] CC build/fumi/ios/inflate.o
[24/264] CC build/seki/src/ZFog.o
[25/264] CC build/seki/src/StageAnimation.o
seki/src/StageAnimation.c: In function `func_0012AAB8':
seki/src/StageAnimation.c:271: warning: assignment discards qualifiers from pointer target type
  → consider adding StageAnimation to /primary/dev/ico-aug6/config/use_modern_as.txt
asm/aug6/nonmatchings/seki/src/StageAnimation/stage_MakeGObj.s: Assembler messages:
asm/aug6/nonmatchings/seki/src/StageAnimation/stage_MakeGObj.s:29: Warning: used $at without ".set noat"
asm/aug6/nonmatchings/seki/src/StageAnimation/stage_MakeGObj.s:30: Warning: used $at without ".set noat"
asm/aug6/nonmatchings/seki/src/StageAnimation/stage_MakeGObj.s:125: Warning: used $at without ".set noat"
asm/aug6/nonmatchings/seki/src/StageAnimation/stage_MakeGObj.s:126: Warning: used $at without ".set noat"
asm/aug6/nonmatchings/seki/src/StageAnimation/stage_MakeGObj.s:139: Warning: used $at without ".set noat"
asm/aug6/nonmatchings/seki/src/StageAnimation/stage_MakeGObj.s:140: Warning: used $at without ".set noat"
asm/aug6/nonmatchings/seki/src/StageAnimation/stage_MakeGObj.s:172: Warning: used $at without ".set noat"
asm/aug6/nonmatchings/seki/src/StageAnimation/stage_MakeGObj.s:173: Warning: used $at without ".set noat"
asm/aug6/nonmatchings/seki/src/StageAnimation/stage_Init.s:56: Warning: used $at without ".set noat"
asm/aug6/nonmatchings/seki/src/StageAnimation/stage_Init.s:57: Warning: used $at without ".set noat"
asm/aug6/nonmatchings/seki/src/StageAnimation/stage_Init.s:172: Warning: used $at without ".set noat"
asm/aug6/nonmatchings/seki/src/StageAnimation/stage_Init.s:173: Warning: used $at without ".set noat"
asm/aug6/nonmatchings/seki/src/StageAnimation/stage_Init.s:176: Warning: used $at without ".set noat"
asm/aug6/nonmatchings/seki/src/StageAnimation/stage_Init.s:177: Warning: used $at without ".set noat"
asm/aug6/nonmatchings/seki/src/StageAnimation/stage_Init.s:243: Warning: used $at without ".set noat"
asm/aug6/nonmatchings/seki/src/StageAnimation/stage_Init.s:244: Warning: used $at without ".set noat"
asm/aug6/nonmatchings/seki/src/StageAnimation/stage_Init.s:376: Warning: used $at without ".set noat"
asm/aug6/nonmatchings/seki/src/StageAnimation/stage_Init.s:377: Warning: used $at without ".set noat"
asm/aug6/nonmatchings/seki/src/StageAnimation/stage_Init.s:431: Warning: used $at without ".set noat"
asm/aug6/nonmatchings/seki/src/StageAnimation/stage_Init.s:432: Warning: used $at without ".set noat"
asm/aug6/nonmatchings/seki/src/StageAnimation/stage_Init.s:462: Warning: used $at without ".set noat"
asm/aug6/nonmatchings/seki/src/StageAnimation/stage_Init.s:463: Warning: used $at without ".set noat"
asm/aug6/nonmatchings/seki/src/StageAnimation/stage_Init.s:490: Warning: used $at without ".set noat"
asm/aug6/nonmatchings/seki/src/StageAnimation/stage_Init.s:491: Warning: used $at without ".set noat"
asm/aug6/nonmatchings/seki/src/StageAnimation/stage_Init.s:517: Warning: used $at without ".set noat"
asm/aug6/nonmatchings/seki/src/StageAnimation/stage_Init.s:518: Warning: used $at without ".set noat"
asm/aug6/nonmatchings/seki/src/StageAnimation/stage_Init.s:549: Warning: used $at without ".set noat"
asm/aug6/nonmatchings/seki/src/StageAnimation/stage_Init.s:550: Warning: used $at without ".set noat"
asm/aug6/nonmatchings/seki/src/StageAnimation/stage_Init.s:580: Warning: used $at without ".set noat"
asm/aug6/nonmatchings/seki/src/StageAnimation/stage_Init.s:581: Warning: used $at without ".set noat"
asm/aug6/nonmatchings/seki/src/StageAnimation/stage_Init.s:608: Warning: used $at without ".set noat"
asm/aug6/nonmatchings/seki/src/StageAnimation/stage_Init.s:609: Warning: used $at without ".set noat"
asm/aug6/nonmatchings/seki/src/StageAnimation/stage_Init.s:620: Warning: used $at without ".set noat"
asm/aug6/nonmatchings/seki/src/StageAnimation/stage_Init.s:621: Warning: used $at without ".set noat"
asm/aug6/nonmatchings/seki/src/StageAnimation/stage_Init.s:637: Warning: used $at without ".set noat"
asm/aug6/nonmatchings/seki/src/StageAnimation/stage_Init.s:638: Warning: used $at without ".set noat"
asm/aug6/nonmatchings/seki/src/StageAnimation/stage_Init.s:674: Warning: used $at without ".set noat"
asm/aug6/nonmatchings/seki/src/StageAnimation/stage_Init.s:675: Warning: used $at without ".set noat"
asm/aug6/nonmatchings/seki/src/StageAnimation/stage_Init.s:698: Warning: used $at without ".set noat"
asm/aug6/nonmatchings/seki/src/StageAnimation/stage_Init.s:699: Warning: used $at without ".set noat"
asm/aug6/nonmatchings/seki/src/StageAnimation/stage_Init.s:771: Warning: used $at without ".set noat"
asm/aug6/nonmatchings/seki/src/StageAnimation/stage_Init.s:772: Warning: used $at without ".set noat"
asm/aug6/nonmatchings/seki/src/StageAnimation/stage_Init.s:906: Warning: used $at without ".set noat"
asm/aug6/nonmatchings/seki/src/StageAnimation/stage_Init.s:907: Warning: used $at without ".set noat"
asm/aug6/nonmatchings/seki/src/StageAnimation/stage_Init.s:961: Warning: used $at without ".set noat"
asm/aug6/nonmatchings/seki/src/StageAnimation/stage_Init.s:962: Warning: used $at without ".set noat"
asm/aug6/nonmatchings/seki/src/StageAnimation/stage_Init.s:992: Warning: used $at without ".set noat"
asm/aug6/nonmatchings/seki/src/StageAnimation/stage_Init.s:993: Warning: used $at without ".set noat"
asm/aug6/nonmatchings/seki/src/StageAnimation/stage_Init.s:1020: Warning: used $at without ".set noat"
asm/aug6/nonmatchings/seki/src/StageAnimation/stage_Init.s:1021: Warning: used $at without ".set noat"
asm/aug6/nonmatchings/seki/src/StageAnimation/stage_Init.s:1047: Warning: used $at without ".set noat"
asm/aug6/nonmatchings/seki/src/StageAnimation/stage_Init.s:1048: Warning: used $at without ".set noat"
asm/aug6/nonmatchings/seki/src/StageAnimation/stage_Init.s:1079: Warning: used $at without ".set noat"
asm/aug6/nonmatchings/seki/src/StageAnimation/stage_Init.s:1080: Warning: used $at without ".set noat"
asm/aug6/nonmatchings/seki/src/StageAnimation/stage_Init.s:1110: Warning: used $at without ".set noat"
asm/aug6/nonmatchings/seki/src/StageAnimation/stage_Init.s:1111: Warning: used $at without ".set noat"
asm/aug6/nonmatchings/seki/src/StageAnimation/stage_Init.s:1138: Warning: used $at without ".set noat"
asm/aug6/nonmatchings/seki/src/StageAnimation/stage_Init.s:1139: Warning: used $at without ".set noat"
asm/aug6/nonmatchings/seki/src/StageAnimation/stage_Init.s:1150: Warning: used $at without ".set noat"
asm/aug6/nonmatchings/seki/src/StageAnimation/stage_Init.s:1151: Warning: used $at without ".set noat"
asm/aug6/nonmatchings/seki/src/StageAnimation/stage_Init.s:1167: Warning: used $at without ".set noat"
asm/aug6/nonmatchings/seki/src/StageAnimation/stage_Init.s:1168: Warning: used $at without ".set noat"
asm/aug6/nonmatchings/seki/src/StageAnimation/stage_Init.s:1204: Warning: used $at without ".set noat"
asm/aug6/nonmatchings/seki/src/StageAnimation/stage_Init.s:1205: Warning: used $at without ".set noat"
asm/aug6/nonmatchings/seki/src/StageAnimation/stage_Init.s:1228: Warning: used $at without ".set noat"
asm/aug6/nonmatchings/seki/src/StageAnimation/stage_Init.s:1229: Warning: used $at without ".set noat"
asm/aug6/nonmatchings/seki/src/StageAnimation/stage_Init.s:1255: Warning: used $at without ".set noat"
asm/aug6/nonmatchings/seki/src/StageAnimation/stage_Init.s:1256: Warning: used $at without ".set noat"
asm/aug6/nonmatchings/seki/src/StageAnimation/stage_Init.s:1330: Warning: used $at without ".set noat"
asm/aug6/nonmatchings/seki/src/StageAnimation/stage_Init.s:1331: Warning: used $at without ".set noat"
asm/aug6/nonmatchings/seki/src/StageAnimation/stage_Init.s:1463: Warning: used $at without ".set noat"
asm/aug6/nonmatchings/seki/src/StageAnimation/stage_Init.s:1464: Warning: used $at without ".set noat"
asm/aug6/nonmatchings/seki/src/StageAnimation/stage_Init.s:1518: Warning: used $at without ".set noat"
asm/aug6/nonmatchings/seki/src/StageAnimation/stage_Init.s:1519: Warning: used $at without ".set noat"
asm/aug6/nonmatchings/seki/src/StageAnimation/stage_Init.s:1549: Warning: used $at without ".set noat"
asm/aug6/nonmatchings/seki/src/StageAnimation/stage_Init.s:1550: Warning: used $at without ".set noat"
asm/aug6/nonmatchings/seki/src/StageAnimation/stage_Init.s:1577: Warning: used $at without ".set noat"
asm/aug6/nonmatchings/seki/src/StageAnimation/stage_Init.s:1578: Warning: used $at without ".set noat"
asm/aug6/nonmatchings/seki/src/StageAnimation/stage_Init.s:1604: Warning: used $at without ".set noat"
asm/aug6/nonmatchings/seki/src/StageAnimation/stage_Init.s:1605: Warning: used $at without ".set noat"
asm/aug6/nonmatchings/seki/src/StageAnimation/stage_Init.s:1636: Warning: used $at without ".set noat"
asm/aug6/nonmatchings/seki/src/StageAnimation/stage_Init.s:1637: Warning: used $at without ".set noat"
asm/aug6/nonmatchings/seki/src/StageAnimation/stage_Init.s:1667: Warning: used $at without ".set noat"
asm/aug6/nonmatchings/seki/src/StageAnimation/stage_Init.s:1668: Warning: used $at without ".set noat"
asm/aug6/nonmatchings/seki/src/StageAnimation/stage_Init.s:1695: Warning: used $at without ".set noat"
asm/aug6/nonmatchings/seki/src/StageAnimation/stage_Init.s:1696: Warning: used $at without ".set noat"
asm/aug6/nonmatchings/seki/src/StageAnimation/stage_Init.s:1707: Warning: used $at without ".set noat"
asm/aug6/nonmatchings/seki/src/StageAnimation/stage_Init.s:1708: Warning: used $at without ".set noat"
asm/aug6/nonmatchings/seki/src/StageAnimation/stage_Init.s:1724: Warning: used $at without ".set noat"
asm/aug6/nonmatchings/seki/src/StageAnimation/stage_Init.s:1725: Warning: used $at without ".set noat"
asm/aug6/nonmatchings/seki/src/StageAnimation/stage_Init.s:1761: Warning: used $at without ".set noat"
asm/aug6/nonmatchings/seki/src/StageAnimation/stage_Init.s:1762: Warning: used $at without ".set noat"
asm/aug6/nonmatchings/seki/src/StageAnimation/stage_Init.s:1938: Warning: used $at without ".set noat"
asm/aug6/nonmatchings/seki/src/StageAnimation/stage_Init.s:1939: Warning: used $at without ".set noat"
asm/aug6/nonmatchings/seki/src/StageAnimation/stage_Init.s:2048: Warning: used $at without ".set noat"
asm/aug6/nonmatchings/seki/src/StageAnimation/stage_Init.s:2049: Warning: used $at without ".set noat"
asm/aug6/nonmatchings/seki/src/StageAnimation/stage_SetAnimation.s:56: Warning: used $at without ".set noat"
asm/aug6/nonmatchings/seki/src/StageAnimation/stage_SetAnimation.s:57: Warning: used $at without ".set noat"
asm/aug6/nonmatchings/seki/src/StageAnimation/stage_SetAnimation.s:162: Warning: used $at without ".set noat"
asm/aug6/nonmatchings/seki/src/StageAnimation/stage_SetAnimation.s:163: Warning: used $at without ".set noat"
asm/aug6/nonmatchings/seki/src/StageAnimation/stage_SetAnimation.s:166: Warning: used $at without ".set noat"
asm/aug6/nonmatchings/seki/src/StageAnimation/stage_SetAnimation.s:167: Warning: used $at without ".set noat"
asm/aug6/nonmatchings/seki/src/StageAnimation/stage_SetAnimation.s:233: Warning: used $at without ".set noat"
asm/aug6/nonmatchings/seki/src/StageAnimation/stage_SetAnimation.s:234: Warning: used $at without ".set noat"
asm/aug6/nonmatchings/seki/src/StageAnimation/stage_SetAnimation.s:366: Warning: used $at without ".set noat"
asm/aug6/nonmatchings/seki/src/StageAnimation/stage_SetAnimation.s:367: Warning: used $at without ".set noat"
asm/aug6/nonmatchings/seki/src/StageAnimation/stage_SetAnimation.s:421: Warning: used $at without ".set noat"
asm/aug6/nonmatchings/seki/src/StageAnimation/stage_SetAnimation.s:422: Warning: used $at without ".set noat"
asm/aug6/nonmatchings/seki/src/StageAnimation/stage_SetAnimation.s:452: Warning: used $at without ".set noat"
asm/aug6/nonmatchings/seki/src/StageAnimation/stage_SetAnimation.s:453: Warning: used $at without ".set noat"
asm/aug6/nonmatchings/seki/src/StageAnimation/stage_SetAnimation.s:480: Warning: used $at without ".set noat"
asm/aug6/nonmatchings/seki/src/StageAnimation/stage_SetAnimation.s:481: Warning: used $at without ".set noat"
asm/aug6/nonmatchings/seki/src/StageAnimation/stage_SetAnimation.s:507: Warning: used $at without ".set noat"
asm/aug6/nonmatchings/seki/src/StageAnimation/stage_SetAnimation.s:508: Warning: used $at without ".set noat"
asm/aug6/nonmatchings/seki/src/StageAnimation/stage_SetAnimation.s:539: Warning: used $at without ".set noat"
asm/aug6/nonmatchings/seki/src/StageAnimation/stage_SetAnimation.s:540: Warning: used $at without ".set noat"
asm/aug6/nonmatchings/seki/src/StageAnimation/stage_SetAnimation.s:570: Warning: used $at without ".set noat"
asm/aug6/nonmatchings/seki/src/StageAnimation/stage_SetAnimation.s:571: Warning: used $at without ".set noat"
asm/aug6/nonmatchings/seki/src/StageAnimation/stage_SetAnimation.s:598: Warning: used $at without ".set noat"
asm/aug6/nonmatchings/seki/src/StageAnimation/stage_SetAnimation.s:599: Warning: used $at without ".set noat"
asm/aug6/nonmatchings/seki/src/StageAnimation/stage_SetAnimation.s:610: Warning: used $at without ".set noat"
asm/aug6/nonmatchings/seki/src/StageAnimation/stage_SetAnimation.s:611: Warning: used $at without ".set noat"
asm/aug6/nonmatchings/seki/src/StageAnimation/stage_SetAnimation.s:627: Warning: used $at without ".set noat"
asm/aug6/nonmatchings/seki/src/StageAnimation/stage_SetAnimation.s:628: Warning: used $at without ".set noat"
asm/aug6/nonmatchings/seki/src/StageAnimation/stage_SetAnimation.s:664: Warning: used $at without ".set noat"
asm/aug6/nonmatchings/seki/src/StageAnimation/stage_SetAnimation.s:665: Warning: used $at without ".set noat"
asm/aug6/nonmatchings/seki/src/StageAnimation/stage_SetAnimation.s:688: Warning: used $at without ".set noat"
asm/aug6/nonmatchings/seki/src/StageAnimation/stage_SetAnimation.s:689: Warning: used $at without ".set noat"
asm/aug6/nonmatchings/seki/src/StageAnimation/stage_SetAnimation.s:761: Warning: used $at without ".set noat"
asm/aug6/nonmatchings/seki/src/StageAnimation/stage_SetAnimation.s:762: Warning: used $at without ".set noat"
asm/aug6/nonmatchings/seki/src/StageAnimation/stage_SetAnimation.s:896: Warning: used $at without ".set noat"
asm/aug6/nonmatchings/seki/src/StageAnimation/stage_SetAnimation.s:897: Warning: used $at without ".set noat"
asm/aug6/nonmatchings/seki/src/StageAnimation/stage_SetAnimation.s:951: Warning: used $at without ".set noat"
asm/aug6/nonmatchings/seki/src/StageAnimation/stage_SetAnimation.s:952: Warning: used $at without ".set noat"
asm/aug6/nonmatchings/seki/src/StageAnimation/stage_SetAnimation.s:982: Warning: used $at without ".set noat"
asm/aug6/nonmatchings/seki/src/StageAnimation/stage_SetAnimation.s:983: Warning: used $at without ".set noat"
asm/aug6/nonmatchings/seki/src/StageAnimation/stage_SetAnimation.s:1010: Warning: used $at without ".set noat"
asm/aug6/nonmatchings/seki/src/StageAnimation/stage_SetAnimation.s:1011: Warning: used $at without ".set noat"
asm/aug6/nonmatchings/seki/src/StageAnimation/stage_SetAnimation.s:1037: Warning: used $at without ".set noat"
asm/aug6/nonmatchings/seki/src/StageAnimation/stage_SetAnimation.s:1038: Warning: used $at without ".set noat"
asm/aug6/nonmatchings/seki/src/StageAnimation/stage_SetAnimation.s:1069: Warning: used $at without ".set noat"
asm/aug6/nonmatchings/seki/src/StageAnimation/stage_SetAnimation.s:1070: Warning: used $at without ".set noat"
asm/aug6/nonmatchings/seki/src/StageAnimation/stage_SetAnimation.s:1100: Warning: used $at without ".set noat"
asm/aug6/nonmatchings/seki/src/StageAnimation/stage_SetAnimation.s:1101: Warning: used $at without ".set noat"
asm/aug6/nonmatchings/seki/src/StageAnimation/stage_SetAnimation.s:1128: Warning: used $at without ".set noat"
asm/aug6/nonmatchings/seki/src/StageAnimation/stage_SetAnimation.s:1129: Warning: used $at without ".set noat"
asm/aug6/nonmatchings/seki/src/StageAnimation/stage_SetAnimation.s:1140: Warning: used $at without ".set noat"
asm/aug6/nonmatchings/seki/src/StageAnimation/stage_SetAnimation.s:1141: Warning: used $at without ".set noat"
asm/aug6/nonmatchings/seki/src/StageAnimation/stage_SetAnimation.s:1157: Warning: used $at without ".set noat"
asm/aug6/nonmatchings/seki/src/StageAnimation/stage_SetAnimation.s:1158: Warning: used $at without ".set noat"
asm/aug6/nonmatchings/seki/src/StageAnimation/stage_SetAnimation.s:1194: Warning: used $at without ".set noat"
asm/aug6/nonmatchings/seki/src/StageAnimation/stage_SetAnimation.s:1195: Warning: used $at without ".set noat"
asm/aug6/nonmatchings/seki/src/StageAnimation/stage_SetAnimation.s:1218: Warning: used $at without ".set noat"
asm/aug6/nonmatchings/seki/src/StageAnimation/stage_SetAnimation.s:1219: Warning: used $at without ".set noat"
asm/aug6/nonmatchings/seki/src/StageAnimation/stage_SetAnimation.s:1245: Warning: used $at without ".set noat"
asm/aug6/nonmatchings/seki/src/StageAnimation/stage_SetAnimation.s:1246: Warning: used $at without ".set noat"
asm/aug6/nonmatchings/seki/src/StageAnimation/stage_SetAnimation.s:1320: Warning: used $at without ".set noat"
asm/aug6/nonmatchings/seki/src/StageAnimation/stage_SetAnimation.s:1321: Warning: used $at without ".set noat"
asm/aug6/nonmatchings/seki/src/StageAnimation/stage_SetAnimation.s:1453: Warning: used $at without ".set noat"
asm/aug6/nonmatchings/seki/src/StageAnimation/stage_SetAnimation.s:1454: Warning: used $at without ".set noat"
asm/aug6/nonmatchings/seki/src/StageAnimation/stage_SetAnimation.s:1508: Warning: used $at without ".set noat"
asm/aug6/nonmatchings/seki/src/StageAnimation/stage_SetAnimation.s:1509: Warning: used $at without ".set noat"
asm/aug6/nonmatchings/seki/src/StageAnimation/stage_SetAnimation.s:1539: Warning: used $at without ".set noat"
asm/aug6/nonmatchings/seki/src/StageAnimation/stage_SetAnimation.s:1540: Warning: used $at without ".set noat"
asm/aug6/nonmatchings/seki/src/StageAnimation/stage_SetAnimation.s:1567: Warning: used $at without ".set noat"
asm/aug6/nonmatchings/seki/src/StageAnimation/stage_SetAnimation.s:1568: Warning: used $at without ".set noat"
asm/aug6/nonmatchings/seki/src/StageAnimation/stage_SetAnimation.s:1594: Warning: used $at without ".set noat"
asm/aug6/nonmatchings/seki/src/StageAnimation/stage_SetAnimation.s:1595: Warning: used $at without ".set noat"
asm/aug6/nonmatchings/seki/src/StageAnimation/stage_SetAnimation.s:1626: Warning: used $at without ".set noat"
asm/aug6/nonmatchings/seki/src/StageAnimation/stage_SetAnimation.s:1627: Warning: used $at without ".set noat"
asm/aug6/nonmatchings/seki/src/StageAnimation/stage_SetAnimation.s:1657: Warning: used $at without ".set noat"
asm/aug6/nonmatchings/seki/src/StageAnimation/stage_SetAnimation.s:1658: Warning: used $at without ".set noat"
asm/aug6/nonmatchings/seki/src/StageAnimation/stage_SetAnimation.s:1685: Warning: used $at without ".set noat"
asm/aug6/nonmatchings/seki/src/StageAnimation/stage_SetAnimation.s:1686: Warning: used $at without ".set noat"
asm/aug6/nonmatchings/seki/src/StageAnimation/stage_SetAnimation.s:1697: Warning: used $at without ".set noat"
asm/aug6/nonmatchings/seki/src/StageAnimation/stage_SetAnimation.s:1698: Warning: used $at without ".set noat"
asm/aug6/nonmatchings/seki/src/StageAnimation/stage_SetAnimation.s:1714: Warning: used $at without ".set noat"
asm/aug6/nonmatchings/seki/src/StageAnimation/stage_SetAnimation.s:1715: Warning: used $at without ".set noat"
asm/aug6/nonmatchings/seki/src/StageAnimation/stage_SetAnimation.s:1751: Warning: used $at without ".set noat"
asm/aug6/nonmatchings/seki/src/StageAnimation/stage_SetAnimation.s:1752: Warning: used $at without ".set noat"
asm/aug6/nonmatchings/seki/src/StageAnimation/stage_SetAnimation.s:1928: Warning: used $at without ".set noat"
asm/aug6/nonmatchings/seki/src/StageAnimation/stage_SetAnimation.s:1929: Warning: used $at without ".set noat"
asm/aug6/nonmatchings/seki/src/StageAnimation/stage_SetAnimation.s:2038: Warning: used $at without ".set noat"
asm/aug6/nonmatchings/seki/src/StageAnimation/stage_SetAnimation.s:2039: Warning: used $at without ".set noat"
asm/aug6/nonmatchings/seki/src/StageAnimation/stage_MakePlayBgAnimation.s:332: Warning: used $at without ".set noat"
asm/aug6/nonmatchings/seki/src/StageAnimation/stage_MakePlayBgAnimation.s:333: Warning: used $at without ".set noat"
asm/aug6/nonmatchings/seki/src/StageAnimation/stage_SetParentOfGObj.s:105: Warning: used $at without ".set noat"
asm/aug6/nonmatchings/seki/src/StageAnimation/stage_SetParentOfGObj.s:106: Warning: used $at without ".set noat"
asm/aug6/nonmatchings/seki/src/StageAnimation/stage_SetParentOfGObj.s:129: Warning: used $at without ".set noat"
asm/aug6/nonmatchings/seki/src/StageAnimation/stage_SetParentOfGObj.s:130: Warning: used $at without ".set noat"
asm/aug6/nonmatchings/seki/src/StageAnimation/stage_SetParentOfGObjWithLocalRotationFlag.s:105: Warning: used $at without ".set noat"
asm/aug6/nonmatchings/seki/src/StageAnimation/stage_SetParentOfGObjWithLocalRotationFlag.s:106: Warning: used $at without ".set noat"
asm/aug6/nonmatchings/seki/src/StageAnimation/stage_SetParentOfGObjWithLocalRotationFlag.s:129: Warning: used $at without ".set noat"
asm/aug6/nonmatchings/seki/src/StageAnimation/stage_SetParentOfGObjWithLocalRotationFlag.s:130: Warning: used $at without ".set noat"
asm/aug6/nonmatchings/seki/src/StageAnimation/stage_SetLocalizeGeometry.s:16: Warning: used $at without ".set noat"
asm/aug6/nonmatchings/seki/src/StageAnimation/stage_SetLocalizeGeometry.s:17: Warning: used $at without ".set noat"
asm/aug6/nonmatchings/seki/src/StageAnimation/stage_SetLocalizeGeometry.s:92: Warning: used $at without ".set noat"
asm/aug6/nonmatchings/seki/src/StageAnimation/stage_SetLocalizeGeometry.s:93: Warning: used $at without ".set noat"
asm/aug6/nonmatchings/seki/src/StageAnimation/stage_CheckAnimationFrameIn.s:21: Warning: used $at without ".set noat"
asm/aug6/nonmatchings/seki/src/StageAnimation/stage_CheckAnimationFrameIn.s:22: Warning: used $at without ".set noat"
asm/aug6/nonmatchings/seki/src/StageAnimation/stage_CheckAnimationFrameIn.s:178: Warning: used $at without ".set noat"
asm/aug6/nonmatchings/seki/src/StageAnimation/stage_CheckAnimationFrameIn.s:179: Warning: used $at without ".set noat"
[26/264] CC build/fumi/ios/mblock.o
[27/264] CC build/fumi/ios/ios.o
[28/264] CC build/fumi/ios/mcard.o
[29/264] CC build/fumi/ios/message.o
[30/264] CC build/fumi/ios/mcdata.o
[31/264] CC build/fumi/ios/memory.o
[32/264] CC build/fumi/ios/pad.o
fumi/ios/pad.c: In function `iosPadConnect':
fumi/ios/pad.c:79: warning: initialization from incompatible pointer type
[33/264] CC build/fumi/ios/thread.o
fumi/ios/thread.c:209: warning: type mismatch with previous implicit declaration
fumi/ios/thread.c:167: warning: previous implicit declaration of `iosSemaWait'
fumi/ios/thread.c:209: warning: `iosSemaWait' was previously implicitly declared to return `int'
fumi/ios/thread.c: In function `func_0013D388':
fumi/ios/thread.c:266: warning: assignment from incompatible pointer type
[34/264] CC build/fumi/ios/shockdriver.o
fumi/ios/shockdriver.c: In function `Shock_SetMotor':
fumi/ios/shockdriver.c:97: warning: passing arg 1 of `iosMsgQueueDestroy' from incompatible pointer type
fumi/ios/shockdriver.c:99: warning: passing arg 1 of `iosMsgRecv' from incompatible pointer type
[35/264] CC build/fumi/isys/gobj_dl.o
fumi/isys/gobj_dl.c: In function `isysGObjLinkObjDLBeforeGObj':
fumi/isys/gobj_dl.c:213: warning: passing arg 1 of `isysGObjMoveObjDLHead' makes pointer from integer without a cast
fumi/isys/gobj_dl.c: In function `isysGObjDlInit':
fumi/isys/gobj_dl.c:224: warning: passing arg 1 of `isysGObjMoveObjDLHead' makes pointer from integer without a cast
fumi/isys/gobj_dl.c: In function `isysGObjMoveObjDLAfterGObj':
fumi/isys/gobj_dl.c:243: warning: passing arg 1 of `isysGObjLinkObjDLHead' makes integer from pointer without a cast
fumi/isys/gobj_dl.c: In function `isysGObjMoveObjDLBeforeGObj':
fumi/isys/gobj_dl.c:253: warning: passing arg 1 of `isysGObjLinkObjDLAfterGObj' makes integer from pointer without a cast
fumi/isys/gobj_dl.c:253: warning: passing arg 3 of `isysGObjLinkObjDLAfterGObj' makes integer from pointer without a cast
[36/264] CC build/fumi/isys/gobj.o
fumi/isys/gobj.c: In function `cut_gobj_link':
fumi/isys/gobj.c:69: warning: initialization discards qualifiers from pointer target type
fumi/isys/gobj.c: In function `isysGObjMove':
fumi/isys/gobj.c:227: warning: passing arg 1 of `add_gobj_to_tail' makes pointer from integer without a cast
fumi/isys/gobj.c: In function `isysGetNbAllocedGObjs':
fumi/isys/gobj.c:392: warning: passing arg 3 of `iosFree' discards qualifiers from pointer target type
fumi/isys/gobj.c: In function `isysGObjAlloc':
fumi/isys/gobj.c:431: warning: passing arg 1 of `func_001AAD00' discards qualifiers from pointer target type
fumi/isys/gobj.c:432: warning: passing arg 1 of `func_00260380' discards qualifiers from pointer target type
fumi/isys/gobj.c: In function `isysGObjKindTableAdd':
fumi/isys/gobj.c:506: warning: passing arg 1 of `func_001AAD00' discards qualifiers from pointer target type
fumi/isys/gobj.c:507: warning: passing arg 1 of `func_00260380' discards qualifiers from pointer target type
[37/264] CC build/fumi/isys/gobj_process.o
fumi/isys/gobj_process.c: In function `isysGObjProcAddS':
fumi/isys/gobj_process.c:72: warning: `return' with a value, in function returning void
[38/264] CC build/fumi/isys/isys.o
[39/264] CC build/fumi/isys/obj_manager.o
[40/264] CC build/fumi/sound/soundManager.o
[41/264] CC build/fumi/src/act-parallel-control.o
[42/264] CC build/fumi/sound/s_init.o
[43/264] CC build/fumi/src/act-wish.o
[44/264] CC build/fumi/src/act-game.o
[45/264] CC build/fumi/src/fieldCollision.o
fumi/src/fieldCollision.c: In function `SetSimplePlane':
fumi/src/fieldCollision.c:289: warning: passing arg 1 makes pointer from integer without a cast
fumi/src/fieldCollision.c:291: warning: passing arg 1 makes pointer from integer without a cast
[46/264] CC build/fumi/src/fuzio.o
fumi/src/fuzio.c: In function `func_00168070':
fumi/src/fuzio.c:402: warning: passing arg 1 of `func_00168008' from incompatible pointer type
[47/264] CC build/fumi/src/enemy_act.o
fumi/src/enemy_act.c:1010: warning: type mismatch with previous implicit declaration
fumi/src/enemy_act.c:398: warning: previous implicit declaration of `func_00191FD0'
fumi/src/enemy_act.c:1010: warning: `func_00191FD0' was previously implicitly declared to return `int'
fumi/src/enemy_act.c:1066: warning: type mismatch with previous implicit declaration
fumi/src/enemy_act.c:826: warning: previous implicit declaration of `func_00163988'
fumi/src/enemy_act.c:1066: warning: `func_00163988' was previously implicitly declared to return `int'
fumi/src/enemy_act.c: In function `IsEnemyBrainToGenerator':
fumi/src/enemy_act.c:1099: warning: passing arg 1 of `ContinueCorrectPosition' makes integer from pointer without a cast
fumi/src/enemy_act.c: In function `GetEnemyTypeFromGObj':
fumi/src/enemy_act.c:1146: warning: initialization makes pointer from integer without a cast
fumi/src/enemy_act.c:1161: warning: assignment makes pointer from integer without a cast
[48/264] CC build/fumi/src/commonact.o
fumi/src/commonact.c:286: warning: type mismatch with previous implicit declaration
fumi/src/commonact.c:278: warning: previous implicit declaration of `func_0015B4C8'
fumi/src/commonact.c:286: warning: `func_0015B4C8' was previously implicitly declared to return `int'
[49/264] CC build/fumi/src/boyact.o
fumi/src/boyact.c: In function `InitSwapWeapon':
fumi/src/boyact.c:334: warning: assignment from incompatible pointer type
fumi/src/boyact.c: In function `func_00150608':
fumi/src/boyact.c:507: warning: initialization makes pointer from integer without a cast
fumi/src/boyact.c:513: warning: initialization makes pointer from integer without a cast
fumi/src/boyact.c: In function `subBoyCollision':
fumi/src/boyact.c:536: warning: initialization makes pointer from integer without a cast
fumi/src/boyact.c: In function `func_00151F48':
fumi/src/boyact.c:719: warning: passing arg 1 of `BoxBarSoundOn' makes pointer from integer without a cast
fumi/src/boyact.c: In function `func_00151FC0':
fumi/src/boyact.c:729: warning: passing arg 1 of `BoxBarSoundOn' makes pointer from integer without a cast
fumi/src/boyact.c: In function `func_00151FF0':
fumi/src/boyact.c:740: warning: passing arg 1 of `subCommonIdle' makes pointer from integer without a cast
fumi/src/boyact.c:741: warning: passing arg 1 of `BoxBarSoundOn' makes pointer from integer without a cast
fumi/src/boyact.c: In function `func_00152050':
fumi/src/boyact.c:761: warning: passing arg 1 of `BoxBarSoundOn' makes pointer from integer without a cast
fumi/src/boyact.c: In function `func_001520F8':
fumi/src/boyact.c:768: warning: type mismatch with previous implicit declaration
fumi/src/boyact.c:750: warning: previous implicit declaration of `funcCommonJumpDircorrect'
fumi/src/boyact.c:780: warning: passing arg 1 of `BoxBarSoundOn' makes pointer from integer without a cast
fumi/src/boyact.c: In function `func_001521A8':
fumi/src/boyact.c:799: warning: passing arg 1 of `BoxBarSoundOn' makes pointer from integer without a cast
fumi/src/boyact.c:801: warning: passing arg 1 of `BoxBarSoundOn' makes pointer from integer without a cast
fumi/src/boyact.c: In function `func_001522B8':
fumi/src/boyact.c:812: warning: passing arg 1 of `BoxBarSoundOn' makes pointer from integer without a cast
fumi/src/boyact.c: In function `func_00152310':
fumi/src/boyact.c:819: warning: passing arg 1 of `BoxBarSoundOn' makes pointer from integer without a cast
fumi/src/boyact.c: In function `func_00152340':
fumi/src/boyact.c:832: warning: passing arg 1 of `BoxBarSoundOn' makes pointer from integer without a cast
fumi/src/boyact.c: In function `func_00152380':
fumi/src/boyact.c:850: warning: passing arg 1 of `BoxBarSoundOn' makes pointer from integer without a cast
fumi/src/boyact.c: In function `func_001523E0':
fumi/src/boyact.c:861: warning: passing arg 1 of `BoxBarSoundOn' makes pointer from integer without a cast
fumi/src/boyact.c: In function `func_00152420':
fumi/src/boyact.c:868: warning: passing arg 1 of `BoxBarSoundOn' makes pointer from integer without a cast
fumi/src/boyact.c: In function `func_00152450':
fumi/src/boyact.c:875: warning: passing arg 1 of `BoxBarSoundOn' makes pointer from integer without a cast
fumi/src/boyact.c: In function `func_00152480':
fumi/src/boyact.c:889: warning: passing arg 1 of `BoxBarSoundOn' makes pointer from integer without a cast
fumi/src/boyact.c: In function `func_001531E8':
fumi/src/boyact.c:1439: warning: comparison between pointer and integer
[50/264] CC build/fumi/src/jimaku.o
[51/264] CC build/fumi/src/way_sys.o
[52/264] CC build/fumi/src/girl_act.o
[53/264] CC build/script/src/gflag.o
script/src/gflag.c: In function `gflagChk':
script/src/gflag.c:47: warning: `return' with a value, in function returning void
script/src/gflag.c: In function `func_0017A198':
script/src/gflag.c:268: warning: initialization makes pointer from integer without a cast
script/src/gflag.c:273: warning: passing arg 1 of `isysGObjSearchFromObjKindID_begin' makes integer from pointer without a cast
script/src/gflag.c:273: warning: assignment makes pointer from integer without a cast
script/src/gflag.c: In function `func_0017A1E0':
script/src/gflag.c:280: warning: initialization makes pointer from integer without a cast
script/src/gflag.c:283: warning: passing arg 1 of `isysGObjSearchFromObjKindID_begin' makes integer from pointer without a cast
script/src/gflag.c:283: warning: assignment makes pointer from integer without a cast
[54/264] CC build/fumi/src/way_util.o
fumi/src/way_util.c: In function `func_00178D28':
fumi/src/way_util.c:539: warning: `return' with a value, in function returning void
[55/264] CC build/script/src/script.o
script/src/script.c: In function `scpPlayMotDir':
script/src/script.c:50: warning: initialization makes pointer from integer without a cast
script/src/script.c: At top level:
script/src/script.c:151: warning: type mismatch with previous implicit declaration
script/src/script.c:50: warning: previous implicit declaration of `isysGObjSearchFromObjLayoutID'
script/src/script.c:151: warning: `isysGObjSearchFromObjLayoutID' was previously implicitly declared to return `int'
[56/264] CC build/script/src/st25a.o
script/src/st25a.c: In function `actSt25aQueenDeadChk':
script/src/st25a.c:53: warning: return makes integer from pointer without a cast
[57/264] CC build/script/src/warpGirl.o
[58/264] CC build/omori/src/attackhit.o
[59/264] CC build/omori/src/brain.o
[60/264] CC build/omori/src/camera-editor.o
omori/src/camera-editor.c: In function `CameraEdit_DispBox':
omori/src/camera-editor.c:164: warning: passing arg 1 of `CameraEdit_add_box' makes integer from pointer without a cast
omori/src/camera-editor.c:165: warning: passing arg 1 of `CameraEdit_add_box' makes integer from pointer without a cast
[61/264] CC build/omori/src/camera-root.o
[62/264] CC build/omori/src/camera-ico2.o
[63/264] CC build/omori/src/camera-set-manager.o
[64/264] CC build/omori/src/chain.o
[65/264] CC build/omori/src/ebrain.o
[66/264] CC build/omori/src/enemy-control.o
[67/264] CC build/omori/src/generator.o
[68/264] CC build/omori/src/fightSound.o
[69/264] CC build/omori/src/gv.o
[70/264] CC build/omori/src/mail-add-data.o
omori/src/mail-add-data.c: In function `func_001927E8':
omori/src/mail-add-data.c:104: warning: passing arg 1 of `func_001929A0' from incompatible pointer type
[71/264] CC build/omori/src/hand-camera.o
omori/src/hand-camera.c: In function `func_00191FD0':
omori/src/hand-camera.c:151: warning: passing arg 1 of `func_0023FE98' makes pointer from integer without a cast
[72/264] CC build/omori/src/poly-flat.o
[73/264] CC build/ito/src/act_bird.o
[74/264] CC build/ito/src/gather_effect.o
[75/264] CC build/ito/src/lightning.o
  → consider adding lightning to /primary/dev/ico-aug6/config/use_modern_as.txt
[76/264] CC build/ito/src/itou_boss.o
[77/264] CC build/ito/src/itou_gflag.o
[78/264] CC build/ito/src/itou_sub.o
  → consider adding itou_sub to /primary/dev/ico-aug6/config/use_modern_as.txt
asm/aug6/nonmatchings/ito/src/itou_sub/pbga_start.s: Assembler messages:
asm/aug6/nonmatchings/ito/src/itou_sub/pbga_start.s:7: Warning: used $at without ".set noat"
asm/aug6/nonmatchings/ito/src/itou_sub/pbga_start.s:8: Warning: used $at without ".set noat"
asm/aug6/nonmatchings/ito/src/itou_sub/pbga_start.s:80: Warning: used $at without ".set noat"
asm/aug6/nonmatchings/ito/src/itou_sub/pbga_start.s:81: Warning: used $at without ".set noat"
asm/aug6/nonmatchings/ito/src/itou_sub/func_001962C0.s:7: Warning: used $at without ".set noat"
asm/aug6/nonmatchings/ito/src/itou_sub/func_001962C0.s:8: Warning: used $at without ".set noat"
asm/aug6/nonmatchings/ito/src/itou_sub/func_001962C0.s:56: Warning: used $at without ".set noat"
asm/aug6/nonmatchings/ito/src/itou_sub/func_001962C0.s:57: Warning: used $at without ".set noat"
asm/aug6/nonmatchings/ito/src/itou_sub/func_001962C0.s:129: Warning: used $at without ".set noat"
asm/aug6/nonmatchings/ito/src/itou_sub/func_001962C0.s:130: Warning: used $at without ".set noat"
asm/aug6/nonmatchings/ito/src/itou_sub/func_001962C0.s:140: Warning: used $at without ".set noat"
asm/aug6/nonmatchings/ito/src/itou_sub/func_001962C0.s:141: Warning: used $at without ".set noat"
asm/aug6/nonmatchings/ito/src/itou_sub/func_001962C0.s:165: Warning: used $at without ".set noat"
asm/aug6/nonmatchings/ito/src/itou_sub/func_001962C0.s:166: Warning: used $at without ".set noat"
asm/aug6/nonmatchings/ito/src/itou_sub/func_001962C0.s:269: Warning: used $at without ".set noat"
asm/aug6/nonmatchings/ito/src/itou_sub/func_001962C0.s:270: Warning: used $at without ".set noat"
asm/aug6/nonmatchings/ito/src/itou_sub/func_001962C0.s:314: Warning: used $at without ".set noat"
asm/aug6/nonmatchings/ito/src/itou_sub/func_001962C0.s:315: Warning: used $at without ".set noat"
asm/aug6/nonmatchings/ito/src/itou_sub/func_001962C0.s:317: Warning: used $at without ".set noat"
asm/aug6/nonmatchings/ito/src/itou_sub/func_001962C0.s:318: Warning: used $at without ".set noat"
asm/aug6/nonmatchings/ito/src/itou_sub/func_001962C0.s:380: Warning: used $at without ".set noat"
asm/aug6/nonmatchings/ito/src/itou_sub/func_001962C0.s:381: Warning: used $at without ".set noat"
asm/aug6/nonmatchings/ito/src/itou_sub/func_001962C0.s:395: Warning: used $at without ".set noat"
asm/aug6/nonmatchings/ito/src/itou_sub/func_001962C0.s:396: Warning: used $at without ".set noat"
asm/aug6/nonmatchings/ito/src/itou_sub/func_001962C0.s:439: Warning: used $at without ".set noat"
asm/aug6/nonmatchings/ito/src/itou_sub/func_001962C0.s:440: Warning: used $at without ".set noat"
asm/aug6/nonmatchings/ito/src/itou_sub/func_001962C0.s:473: Warning: used $at without ".set noat"
asm/aug6/nonmatchings/ito/src/itou_sub/func_001962C0.s:474: Warning: used $at without ".set noat"
asm/aug6/nonmatchings/ito/src/itou_sub/func_001962C0.s:549: Warning: used $at without ".set noat"
asm/aug6/nonmatchings/ito/src/itou_sub/func_001962C0.s:550: Warning: used $at without ".set noat"
asm/aug6/nonmatchings/ito/src/itou_sub/func_001962C0.s:596: Warning: used $at without ".set noat"
asm/aug6/nonmatchings/ito/src/itou_sub/func_001962C0.s:597: Warning: used $at without ".set noat"
asm/aug6/nonmatchings/ito/src/itou_sub/func_001962C0.s:601: Warning: used $at without ".set noat"
asm/aug6/nonmatchings/ito/src/itou_sub/func_001962C0.s:602: Warning: used $at without ".set noat"
[79/264] CC build/ito/src/queen_barrier_disp.o
[80/264] CC build/ito/src/queen.o
[81/264] CC build/ito/mpeg/mv_readbuf.o
[82/264] CC build/ito/src/stage_orient.o
[83/264] CC build/ito/mpeg/mv_strfile.o
[84/264] CC build/ito/mpeg/mv_main.o
[85/264] CC build/ito/mpeg/mv_videodec.o
[86/264] CC build/ito/mpeg/mv_vobuf.o
[87/264] CC build/common/src/backStage.o
[88/264] CC build/common/src/DObj.o
[89/264] CC build/common/src/StageManager.o
common/src/StageManager.c:206: warning: type mismatch with previous implicit declaration
common/src/StageManager.c:163: warning: previous implicit declaration of `stgmgrForceSwitch'
common/src/StageManager.c:206: warning: `stgmgrForceSwitch' was previously implicitly declared to return `int'
[90/264] CC build/common/src/debug.o
[91/264] CC build/common/src/charFileManager.o
[92/264] CC build/common/src/debug_exception.o
common/src/debug_exception.c: In function `func_001A4C58':
common/src/debug_exception.c:130: warning: passing arg 1 of `func_00261188' makes integer from pointer without a cast
common/src/debug_exception.c:132: warning: passing arg 1 of `func_00261188' makes integer from pointer without a cast
common/src/debug_exception.c:139: warning: passing arg 1 of `func_001A4DE8' makes pointer from integer without a cast
common/src/debug_exception.c:139: warning: passing arg 10 of `func_001A4DE8' makes pointer from integer without a cast
[93/264] CC build/common/src/debug_menu.o
[94/264] CC build/common/src/gamesys.o
[95/264] CC build/common/src/haveParentSimpleObj.o
common/src/haveParentSimpleObj.c: In function `func_001AB158':
common/src/haveParentSimpleObj.c:101: warning: initialization from incompatible pointer type
common/src/haveParentSimpleObj.c: In function `func_001AB7A8':
common/src/haveParentSimpleObj.c:164: warning: passing arg 1 of `func_001AB750' makes pointer from integer without a cast
common/src/haveParentSimpleObj.c: At top level:
common/src/haveParentSimpleObj.c:170: warning: type mismatch with previous implicit declaration
common/src/haveParentSimpleObj.c:148: warning: previous implicit declaration of `func_002604B8'
common/src/haveParentSimpleObj.c:170: warning: `func_002604B8' was previously implicitly declared to return `int'
common/src/haveParentSimpleObj.c: In function `func_001AB858':
common/src/haveParentSimpleObj.c:194: warning: passing arg 1 of `func_001AB750' makes pointer from integer without a cast
common/src/haveParentSimpleObj.c: In function `func_001AB908':
common/src/haveParentSimpleObj.c:217: warning: initialization from incompatible pointer type
[96/264] CC build/common/src/icoMisc.o
common/src/icoMisc.c: In function `func_001ABF40':
common/src/icoMisc.c:104: warning: passing arg 2 of `func_001ABE38' makes integer from pointer without a cast
common/src/icoMisc.c: In function `func_001ABF88':
common/src/icoMisc.c:118: warning: passing arg 2 of `func_001AB750' from incompatible pointer type
[97/264] CC build/common/src/kanban.o
[98/264] CC build/common/src/layout_action.o
[99/264] CC build/common/src/kanbanBoot.o
[100/264] CC build/common/src/layout_texture.o
[101/264] CC build/common/src/sceneManager.o
[102/264] CC build/common/src/staffroll.o
[103/264] CC build/sugipon/src/a_p_1.o
[104/264] CC build/sugipon/src/act_a_p_1.o
[105/264] CC build/sugipon/src/actressLight.o
[106/264] CC build/sugipon/src/attackCheckBoundary.o
[107/264] CC build/sugipon/src/boy.o
[108/264] CC build/sugipon/src/cage.o
[109/264] CC build/sugipon/src/cageFix.o
[110/264] CC build/sugipon/src/candle.o
sugipon/src/candle.c: In function `InitCandleGeo':
sugipon/src/candle.c:17: warning: initialization from incompatible pointer type
sugipon/src/candle.c:20: warning: `return' with a value, in function returning void
sugipon/src/candle.c: In function `DeleteLayoutedCandleParticleEffect':
sugipon/src/candle.c:65: warning: initialization from incompatible pointer type
sugipon/src/candle.c:68: warning: `return' with a value, in function returning void
[111/264] CC build/sugipon/src/box.o
src/box.c: In function `BoxGeoRestore':
src/box.c:365: warning: passing arg 1 of `InitBoxGeo' makes integer from pointer without a cast
src/box.c:368: warning: passing arg 1 of `execAutoMove' makes integer from pointer without a cast
src/box.c: In function `BoxExtGeoRestore':
src/box.c:385: warning: passing arg 1 of `playSEConditionID' makes integer from pointer without a cast
src/box.c:387: warning: passing arg 1 of `initWheels' makes integer from pointer without a cast
[112/264] CC build/sugipon/src/chandelier.o
sugipon/src/chandelier.c: In function `InitChandelierGeo':
sugipon/src/chandelier.c:26: warning: initialization from incompatible pointer type
sugipon/src/chandelier.c:29: warning: `return' with a value, in function returning void
[113/264] CC build/sugipon/src/clipCollisionManager.o
[114/264] CC build/sugipon/src/clothTest.o
  → consider adding clothTest to /primary/dev/ico-aug6/config/use_modern_as.txt
asm/aug6/nonmatchings/sugipon/src/clothTest/func_001C6DA0.s: Assembler messages:
asm/aug6/nonmatchings/sugipon/src/clothTest/func_001C6DA0.s:27: Warning: used $at without ".set noat"
asm/aug6/nonmatchings/sugipon/src/clothTest/func_001C6DA0.s:28: Warning: used $at without ".set noat"
asm/aug6/nonmatchings/sugipon/src/clothTest/func_001C6DA0.s:144: Warning: used $at without ".set noat"
asm/aug6/nonmatchings/sugipon/src/clothTest/func_001C6DA0.s:145: Warning: used $at without ".set noat"
[115/264] CC build/sugipon/src/effectTool.o
[116/264] CC build/sugipon/src/darkVolume.o
[117/264] CC build/sugipon/src/clothAnimation.o
  → consider adding clothAnimation to /primary/dev/ico-aug6/config/use_modern_as.txt
asm/aug6/nonmatchings/sugipon/src/clothAnimation/GetChainExWeightGlobalPos.s: Assembler messages:
asm/aug6/nonmatchings/sugipon/src/clothAnimation/GetChainExWeightGlobalPos.s:6: Warning: used $at without ".set noat"
asm/aug6/nonmatchings/sugipon/src/clothAnimation/GetChainExWeightGlobalPos.s:7: Warning: used $at without ".set noat"
asm/aug6/nonmatchings/sugipon/src/clothAnimation/GetChainExWeightGlobalPos.s:97: Warning: used $at without ".set noat"
asm/aug6/nonmatchings/sugipon/src/clothAnimation/GetChainExWeightGlobalPos.s:98: Warning: used $at without ".set noat"
asm/aug6/nonmatchings/sugipon/src/clothAnimation/GetChainExWeightGlobalPos.s:227: Warning: used $at without ".set noat"
asm/aug6/nonmatchings/sugipon/src/clothAnimation/GetChainExWeightGlobalPos.s:228: Warning: used $at without ".set noat"
asm/aug6/nonmatchings/sugipon/src/clothAnimation/GetChainExWeightGlobalPos.s:565: Warning: used $at without ".set noat"
asm/aug6/nonmatchings/sugipon/src/clothAnimation/GetChainExWeightGlobalPos.s:566: Warning: used $at without ".set noat"
asm/aug6/nonmatchings/sugipon/src/clothAnimation/GetChainExWeightGlobalPos.s:781: Warning: used $at without ".set noat"
asm/aug6/nonmatchings/sugipon/src/clothAnimation/GetChainExWeightGlobalPos.s:782: Warning: used $at without ".set noat"
asm/aug6/nonmatchings/sugipon/src/clothAnimation/bind2.s:106: Warning: used $at without ".set noat"
asm/aug6/nonmatchings/sugipon/src/clothAnimation/bind2.s:107: Warning: used $at without ".set noat"
asm/aug6/nonmatchings/sugipon/src/clothAnimation/calc2.s:213: Warning: used $at without ".set noat"
asm/aug6/nonmatchings/sugipon/src/clothAnimation/calc2.s:214: Warning: used $at without ".set noat"
asm/aug6/nonmatchings/sugipon/src/clothAnimation/clipCylinderCollision.s:116: Warning: used $at without ".set noat"
asm/aug6/nonmatchings/sugipon/src/clothAnimation/clipCylinderCollision.s:117: Warning: used $at without ".set noat"
asm/aug6/nonmatchings/sugipon/src/clothAnimation/clipCylinderCollision.s:284: Warning: used $at without ".set noat"
asm/aug6/nonmatchings/sugipon/src/clothAnimation/clipCylinderCollision.s:285: Warning: used $at without ".set noat"
asm/aug6/nonmatchings/sugipon/src/clothAnimation/clipCylinderCollision.s:320: Warning: used $at without ".set noat"
asm/aug6/nonmatchings/sugipon/src/clothAnimation/clipCylinderCollision.s:321: Warning: used $at without ".set noat"
asm/aug6/nonmatchings/sugipon/src/clothAnimation/InitChains.s:164: Warning: used $at without ".set noat"
asm/aug6/nonmatchings/sugipon/src/clothAnimation/InitChains.s:165: Warning: used $at without ".set noat"
asm/aug6/nonmatchings/sugipon/src/clothAnimation/InitClothes.s:22: Warning: used $at without ".set noat"
asm/aug6/nonmatchings/sugipon/src/clothAnimation/InitClothes.s:23: Warning: used $at without ".set noat"
asm/aug6/nonmatchings/sugipon/src/clothAnimation/InitClothes.s:464: Warning: used $at without ".set noat"
asm/aug6/nonmatchings/sugipon/src/clothAnimation/InitClothes.s:465: Warning: used $at without ".set noat"
asm/aug6/nonmatchings/sugipon/src/clothAnimation/InitClothes.s:538: Warning: used $at without ".set noat"
asm/aug6/nonmatchings/sugipon/src/clothAnimation/InitClothes.s:539: Warning: used $at without ".set noat"
asm/aug6/nonmatchings/sugipon/src/clothAnimation/InitClothes.s:598: Warning: used $at without ".set noat"
asm/aug6/nonmatchings/sugipon/src/clothAnimation/InitClothes.s:599: Warning: used $at without ".set noat"
asm/aug6/nonmatchings/sugipon/src/clothAnimation/InitClothes.s:654: Warning: used $at without ".set noat"
asm/aug6/nonmatchings/sugipon/src/clothAnimation/InitClothes.s:655: Warning: used $at without ".set noat"
asm/aug6/nonmatchings/sugipon/src/clothAnimation/InitClothes.s:728: Warning: used $at without ".set noat"
asm/aug6/nonmatchings/sugipon/src/clothAnimation/InitClothes.s:729: Warning: used $at without ".set noat"
asm/aug6/nonmatchings/sugipon/src/clothAnimation/InitClothes.s:788: Warning: used $at without ".set noat"
asm/aug6/nonmatchings/sugipon/src/clothAnimation/InitClothes.s:789: Warning: used $at without ".set noat"
asm/aug6/nonmatchings/sugipon/src/clothAnimation/InitClothes.s:831: Warning: used $at without ".set noat"
asm/aug6/nonmatchings/sugipon/src/clothAnimation/InitClothes.s:832: Warning: used $at without ".set noat"
asm/aug6/nonmatchings/sugipon/src/clothAnimation/InitClothes.s:887: Warning: used $at without ".set noat"
asm/aug6/nonmatchings/sugipon/src/clothAnimation/InitClothes.s:888: Warning: used $at without ".set noat"
asm/aug6/nonmatchings/sugipon/src/clothAnimation/InitClothes.s:936: Warning: used $at without ".set noat"
asm/aug6/nonmatchings/sugipon/src/clothAnimation/InitClothes.s:937: Warning: used $at without ".set noat"
asm/aug6/nonmatchings/sugipon/src/clothAnimation/InitClothes.s:1022: Warning: used $at without ".set noat"
asm/aug6/nonmatchings/sugipon/src/clothAnimation/InitClothes.s:1023: Warning: used $at without ".set noat"
asm/aug6/nonmatchings/sugipon/src/clothAnimation/InitClothes.s:1072: Warning: used $at without ".set noat"
asm/aug6/nonmatchings/sugipon/src/clothAnimation/InitClothes.s:1073: Warning: used $at without ".set noat"
asm/aug6/nonmatchings/sugipon/src/clothAnimation/InitClothes.s:1125: Warning: used $at without ".set noat"
asm/aug6/nonmatchings/sugipon/src/clothAnimation/InitClothes.s:1126: Warning: used $at without ".set noat"
asm/aug6/nonmatchings/sugipon/src/clothAnimation/DispCloth4D.s:166: Warning: used $at without ".set noat"
asm/aug6/nonmatchings/sugipon/src/clothAnimation/DispCloth4D.s:167: Warning: used $at without ".set noat"
asm/aug6/nonmatchings/sugipon/src/clothAnimation/DispCloth4D.s:269: Warning: used $at without ".set noat"
asm/aug6/nonmatchings/sugipon/src/clothAnimation/DispCloth4D.s:270: Warning: used $at without ".set noat"
asm/aug6/nonmatchings/sugipon/src/clothAnimation/GetChainNodeGlobalQuaternion.s:27: Warning: used $at without ".set noat"
asm/aug6/nonmatchings/sugipon/src/clothAnimation/GetChainNodeGlobalQuaternion.s:28: Warning: used $at without ".set noat"
asm/aug6/nonmatchings/sugipon/src/clothAnimation/MoveChainExtendedWeight.s:66: Warning: used $at without ".set noat"
asm/aug6/nonmatchings/sugipon/src/clothAnimation/MoveChainExtendedWeight.s:67: Warning: used $at without ".set noat"
[118/264] CC build/sugipon/src/enemy.o
  → consider adding enemy to /primary/dev/ico-aug6/config/use_modern_as.txt
asm/aug6/nonmatchings/sugipon/src/enemy/setEnemyObject.s: Assembler messages:
asm/aug6/nonmatchings/sugipon/src/enemy/setEnemyObject.s:48: Warning: used $at without ".set noat"
asm/aug6/nonmatchings/sugipon/src/enemy/setEnemyObject.s:49: Warning: used $at without ".set noat"
asm/aug6/nonmatchings/sugipon/src/enemy/setEnemyObject.s:70: Warning: used $at without ".set noat"
asm/aug6/nonmatchings/sugipon/src/enemy/setEnemyObject.s:71: Warning: used $at without ".set noat"
asm/aug6/nonmatchings/sugipon/src/enemy/setEnemyObject.s:81: Warning: used $at without ".set noat"
asm/aug6/nonmatchings/sugipon/src/enemy/setEnemyObject.s:82: Warning: used $at without ".set noat"
asm/aug6/nonmatchings/sugipon/src/enemy/CheckEnemyHit.s:19: Warning: used $at without ".set noat"
asm/aug6/nonmatchings/sugipon/src/enemy/CheckEnemyHit.s:20: Warning: used $at without ".set noat"
asm/aug6/nonmatchings/sugipon/src/enemy/InitEnemyGeo.s:6: Warning: used $at without ".set noat"
asm/aug6/nonmatchings/sugipon/src/enemy/InitEnemyGeo.s:7: Warning: used $at without ".set noat"
asm/aug6/nonmatchings/sugipon/src/enemy/InitEnemyGeo.s:27: Warning: used $at without ".set noat"
asm/aug6/nonmatchings/sugipon/src/enemy/InitEnemyGeo.s:28: Warning: used $at without ".set noat"
asm/aug6/nonmatchings/sugipon/src/enemy/InitEnemyGeo.s:77: Warning: used $at without ".set noat"
asm/aug6/nonmatchings/sugipon/src/enemy/InitEnemyGeo.s:78: Warning: used $at without ".set noat"
asm/aug6/nonmatchings/sugipon/src/enemy/InitEnemyGeo.s:79: Warning: used $at without ".set noat"
asm/aug6/nonmatchings/sugipon/src/enemy/InitEnemyGeo.s:80: Warning: used $at without ".set noat"
asm/aug6/nonmatchings/sugipon/src/enemy/InitEnemyGeo.s:103: Warning: used $at without ".set noat"
asm/aug6/nonmatchings/sugipon/src/enemy/InitEnemyGeo.s:104: Warning: used $at without ".set noat"
asm/aug6/nonmatchings/sugipon/src/enemy/InitEnemyGeo.s:238: Warning: used $at without ".set noat"
asm/aug6/nonmatchings/sugipon/src/enemy/InitEnemyGeo.s:239: Warning: used $at without ".set noat"
asm/aug6/nonmatchings/sugipon/src/enemy/InitEnemyGeo.s:242: Warning: used $at without ".set noat"
asm/aug6/nonmatchings/sugipon/src/enemy/InitEnemyGeo.s:243: Warning: used $at without ".set noat"
asm/aug6/nonmatchings/sugipon/src/enemy/EnemyAI.s:51: Warning: used $at without ".set noat"
asm/aug6/nonmatchings/sugipon/src/enemy/EnemyAI.s:52: Warning: used $at without ".set noat"
asm/aug6/nonmatchings/sugipon/src/enemy/EnemyAI.s:54: Warning: used $at without ".set noat"
asm/aug6/nonmatchings/sugipon/src/enemy/EnemyAI.s:55: Warning: used $at without ".set noat"
asm/aug6/nonmatchings/sugipon/src/enemy/EnemyAI.s:58: Warning: used $at without ".set noat"
asm/aug6/nonmatchings/sugipon/src/enemy/EnemyAI.s:59: Warning: used $at without ".set noat"
asm/aug6/nonmatchings/sugipon/src/enemy/EnemyAI.s:93: Warning: used $at without ".set noat"
asm/aug6/nonmatchings/sugipon/src/enemy/EnemyAI.s:94: Warning: used $at without ".set noat"
[119/264] CC build/sugipon/src/flag.o
[120/264] CC build/sugipon/src/enemyParts.o
sugipon/src/enemyParts.c:22: warning: type mismatch with previous implicit declaration
sugipon/src/enemyParts.c:16: warning: previous implicit declaration of `func_001E1A18'
sugipon/src/enemyParts.c:22: warning: `func_001E1A18' was previously implicitly declared to return `int'
sugipon/src/enemyParts.c:23: warning: type mismatch with previous implicit declaration
sugipon/src/enemyParts.c:17: warning: previous implicit declaration of `func_001D1ED8'
sugipon/src/enemyParts.c:23: warning: `func_001D1ED8' was previously implicitly declared to return `int'
[121/264] CC build/sugipon/src/flyManager.o
[122/264] CC build/sugipon/src/frameDependSequence.o
[123/264] CC build/sugipon/src/girl.o
sugipon/src/girl.c: In function `SetGirlClothDispSwitch':
sugipon/src/girl.c:71: warning: `return' with a value, in function returning void
[124/264] CC build/sugipon/src/girlForceField.o
sugipon/src/girlForceField.c: In function `func_001CF010':
sugipon/src/girlForceField.c:93: warning: cast to pointer from integer of different size
[125/264] CC build/sugipon/src/lineManager.o
[126/264] CC build/sugipon/src/handManager.o
[127/264] CC build/sugipon/src/item.o
[128/264] CC build/sugipon/src/lodManager.o
  → consider adding lodManager to /primary/dev/ico-aug6/config/use_modern_as.txt
asm/aug6/nonmatchings/sugipon/src/lodManager/func_001D1948.s: Assembler messages:
asm/aug6/nonmatchings/sugipon/src/lodManager/func_001D1948.s:6: Warning: used $at without ".set noat"
asm/aug6/nonmatchings/sugipon/src/lodManager/func_001D1948.s:7: Warning: used $at without ".set noat"
asm/aug6/nonmatchings/sugipon/src/lodManager/func_001D1948.s:74: Warning: used $at without ".set noat"
asm/aug6/nonmatchings/sugipon/src/lodManager/func_001D1948.s:75: Warning: used $at without ".set noat"
asm/aug6/nonmatchings/sugipon/src/lodManager/func_001D1948.s:145: Warning: used $at without ".set noat"
asm/aug6/nonmatchings/sugipon/src/lodManager/func_001D1948.s:146: Warning: used $at without ".set noat"
asm/aug6/nonmatchings/sugipon/src/lodManager/func_001D1948.s:147: Warning: used $at without ".set noat"
asm/aug6/nonmatchings/sugipon/src/lodManager/func_001D1948.s:148: Warning: used $at without ".set noat"
asm/aug6/nonmatchings/sugipon/src/lodManager/func_001D1948.s:223: Warning: used $at without ".set noat"
asm/aug6/nonmatchings/sugipon/src/lodManager/func_001D1948.s:224: Warning: used $at without ".set noat"
asm/aug6/nonmatchings/sugipon/src/lodManager/func_001D1948.s:225: Warning: used $at without ".set noat"
asm/aug6/nonmatchings/sugipon/src/lodManager/func_001D1948.s:226: Warning: used $at without ".set noat"
[129/264] CC build/sugipon/src/motionFileManager.o
[130/264] CC build/sugipon/src/motionViewer.o
[131/264] CC build/sugipon/src/moveColTest.o
[132/264] CC build/sugipon/src/multiBgaManager.o
sugipon/src/multiBgaManager.c: In function `EntryMultiBgaManager':
sugipon/src/multiBgaManager.c:46: warning: passing arg 2 of `GetInverseQuaternion' makes integer from pointer without a cast
sugipon/src/multiBgaManager.c: In function `EntryMultiBgaManagerSensitive':
sugipon/src/multiBgaManager.c:56: warning: passing arg 2 of `MatrixDrive_TurnObjectMatrix' makes pointer from integer without a cast
sugipon/src/multiBgaManager.c:57: warning: passing arg 2 of `GetInverseQuaternion' makes integer from pointer without a cast
[133/264] CC build/sugipon/src/particleEffect.o
[134/264] CC build/sugipon/src/motionManager.o
[135/264] CC build/sugipon/src/motionOrientManager.o
[136/264] CC build/sugipon/src/particleLayout.o
[137/264] CC build/sugipon/src/rope.o
[138/264] CC build/sugipon/src/rotObject.o
sugipon/src/rotObject.c: In function `RotObjectDL':
sugipon/src/rotObject.c:52: warning: passing arg 1 of `func_0023FDD8' makes pointer from integer without a cast
sugipon/src/rotObject.c:52: warning: passing arg 3 of `func_0023FDD8' makes pointer from integer without a cast
sugipon/src/rotObject.c:53: warning: passing arg 1 of `func_0023FDD8' makes pointer from integer without a cast
sugipon/src/rotObject.c:53: warning: passing arg 3 of `func_0023FDD8' makes pointer from integer without a cast
[139/264] CC build/sugipon/src/ropeFix.o
sugipon/src/ropeFix.c: In function `InitRopeFixGeo':
sugipon/src/ropeFix.c:40: warning: `return' with a value, in function returning void
sugipon/src/ropeFix.c: In function `func_001E6B28':
sugipon/src/ropeFix.c:49: warning: initialization from incompatible pointer type
sugipon/src/ropeFix.c:52: warning: `return' with a value, in function returning void
[140/264] CC build/sugipon/src/spiderGroupManager.o
[141/264] CC build/sugipon/src/spider.o
[142/264] CC build/sugipon/src/stageMultiBgaManager.o
[143/264] CC build/sugipon/src/stormTest.o
[144/264] CC build/sugipon/src/staticBlur.o
  → consider adding staticBlur to /primary/dev/ico-aug6/config/use_modern_as.txt
asm/aug6/nonmatchings/sugipon/src/staticBlur/reduceCopyAlphaChannelOfWork1ToWork0.s: Assembler messages:
asm/aug6/nonmatchings/sugipon/src/staticBlur/reduceCopyAlphaChannelOfWork1ToWork0.s:303: Warning: used $at without ".set noat"
asm/aug6/nonmatchings/sugipon/src/staticBlur/reduceCopyAlphaChannelOfWork1ToWork0.s:304: Warning: used $at without ".set noat"
asm/aug6/nonmatchings/sugipon/src/staticBlur/reduceCopyAlphaChannelOfWork1ToWork0.s:305: Warning: used $at without ".set noat"
asm/aug6/nonmatchings/sugipon/src/staticBlur/reduceCopyAlphaChannelOfWork1ToWork0.s:306: Warning: used $at without ".set noat"
asm/aug6/nonmatchings/sugipon/src/staticBlur/blurBlendFeedBackAreaToWork1.s:38: Warning: used $at without ".set noat"
asm/aug6/nonmatchings/sugipon/src/staticBlur/blurBlendFeedBackAreaToWork1.s:39: Warning: used $at without ".set noat"
asm/aug6/nonmatchings/sugipon/src/staticBlur/blurBlendFeedBackAreaToWork1.s:103: Warning: used $at without ".set noat"
asm/aug6/nonmatchings/sugipon/src/staticBlur/blurBlendFeedBackAreaToWork1.s:104: Warning: used $at without ".set noat"
asm/aug6/nonmatchings/sugipon/src/staticBlur/blurBlendFeedBackAreaToWork1.s:109: Warning: used $at without ".set noat"
asm/aug6/nonmatchings/sugipon/src/staticBlur/blurBlendFeedBackAreaToWork1.s:110: Warning: used $at without ".set noat"
asm/aug6/nonmatchings/sugipon/src/staticBlur/blurBlendFeedBackAreaToWork1.s:127: Warning: used $at without ".set noat"
asm/aug6/nonmatchings/sugipon/src/staticBlur/blurBlendFeedBackAreaToWork1.s:128: Warning: used $at without ".set noat"
asm/aug6/nonmatchings/sugipon/src/staticBlur/testAA.s:380: Warning: used $at without ".set noat"
asm/aug6/nonmatchings/sugipon/src/staticBlur/testAA.s:381: Warning: used $at without ".set noat"
asm/aug6/nonmatchings/sugipon/src/staticBlur/testAA.s:427: Warning: used $at without ".set noat"
asm/aug6/nonmatchings/sugipon/src/staticBlur/testAA.s:428: Warning: used $at without ".set noat"
asm/aug6/nonmatchings/sugipon/src/staticBlur/makeFullScreenFlareBefore.s:30: Warning: used $at without ".set noat"
asm/aug6/nonmatchings/sugipon/src/staticBlur/makeFullScreenFlareBefore.s:31: Warning: used $at without ".set noat"
asm/aug6/nonmatchings/sugipon/src/staticBlur/makeFullScreenFlareBefore.s:62: Warning: used $at without ".set noat"
asm/aug6/nonmatchings/sugipon/src/staticBlur/makeFullScreenFlareBefore.s:63: Warning: used $at without ".set noat"
asm/aug6/nonmatchings/sugipon/src/staticBlur/makeFullScreenFlareBefore.s:96: Warning: used $at without ".set noat"
asm/aug6/nonmatchings/sugipon/src/staticBlur/makeFullScreenFlareBefore.s:97: Warning: used $at without ".set noat"
asm/aug6/nonmatchings/sugipon/src/staticBlur/reduceWork2ToWork0.s:14: Warning: used $at without ".set noat"
asm/aug6/nonmatchings/sugipon/src/staticBlur/reduceWork2ToWork0.s:15: Warning: used $at without ".set noat"
asm/aug6/nonmatchings/sugipon/src/staticBlur/reduceWork2ToWork0.s:24: Warning: used $at without ".set noat"
asm/aug6/nonmatchings/sugipon/src/staticBlur/reduceWork2ToWork0.s:25: Warning: used $at without ".set noat"
[145/264] CC build/sugipon/src/sugiTree.o
[146/264] CC build/sugipon/src/streamMotionManager.o
sugipon/src/streamMotionManager.c: In function `StandbyStreamMotion':
sugipon/src/streamMotionManager.c:68: warning: assignment from incompatible pointer type
[147/264] CC build/sugipon/src/torch.o
[148/264] CC build/sugipon/src/windManager.o
[149/264] CC build/sugipon/src/windField.o
sugipon/src/windField.c: In function `getParallelWindVector':
sugipon/src/windField.c:62: warning: assignment from incompatible pointer type
[150/264] CC build/sugipon/src/waySystemManager.o
[151/264] CC build/sugipon/src/weapon.o
sugipon/src/weapon.c: In function `WeaponDL':
sugipon/src/weapon.c:192: warning: passing arg 1 of `MatrixDrive_TurnObjectMatrix' makes integer from pointer without a cast
[152/264] CC build/sugipon/src/worm.o
[153/264] CC build/sugipon/src/wireLetter.o
[154/264] CC build/seki/src/DisplayFont.o
[155/264] CC build/seki/src/DmaPacket.o
seki/src/DmaPacket.c: In function `func_001F87B0':
seki/src/DmaPacket.c:48: warning: passing arg 3 of `iosFree' discards qualifiers from pointer target type
seki/src/DmaPacket.c:49: warning: passing arg 3 of `iosFree' discards qualifiers from pointer target type
[156/264] CC build/seki/src/Basic.o
seki/src/Basic.c: In function `freeseki':
seki/src/Basic.c:98: warning: passing arg 1 of `debug_assertMessage' discards qualifiers from pointer target type
seki/src/Basic.c:108: warning: passing arg 3 of `iosFree' discards qualifiers from pointer target type
seki/src/Basic.c:111: warning: passing arg 3 of `iosFree' discards qualifiers from pointer target type
seki/src/Basic.c: In function `reallocseki':
seki/src/Basic.c:135: warning: passing arg 3 of `iosFree' discards qualifiers from pointer target type
seki/src/Basic.c: In function `func_001F3DF0':
seki/src/Basic.c:143: warning: passing arg 3 of `iosMallocAlignDebug' discards qualifiers from pointer target type
[157/264] CC build/seki/src/DisplayList.o
[158/264] CC build/seki/src/BgAnimation.o
[159/264] CC build/seki/src/EnemyInit.o
[160/264] CC build/fumi/isys/gobj_cam_dl.o
[161/264] CC build/fumi/src/act-way.o
[162/264] CC build/fumi/sound/adpcm_init.o
[163/264] CC build/fumi/src/act.o
[164/264] CC build/fumi/src/act2.o
[165/264] CC build/fumi/src/seMail.o
[166/264] CC build/fumi/src/way_llf.o
fumi/src/way_llf.c: In function `WayBridge_begin':
fumi/src/way_llf.c:190: warning: passing arg 2 of `debug_assertMessage' makes pointer from integer without a cast
[167/264] CC build/fumi/src/way_kidnap.o
fumi/src/way_kidnap.c: In function `WayPointWithRangeFromPos2':
fumi/src/way_kidnap.c:70: warning: initialization from incompatible pointer type
fumi/src/way_kidnap.c:71: warning: initialization from incompatible pointer type
[168/264] CC build/fumi/src/way_tool.o
fumi/src/way_tool.c: In function `debug_WayTool':
fumi/src/way_tool.c:152: warning: passing arg 4 of `iosPadStickCameraCoord' makes integer from pointer without a cast
fumi/src/way_tool.c: At top level:
fumi/src/way_tool.c:174: warning: type mismatch with previous implicit declaration
fumi/src/way_tool.c:158: warning: previous implicit declaration of `_ACTWait'
fumi/src/way_tool.c:174: warning: `_ACTWait' was previously implicitly declared to return `int'
[169/264] CC build/script/src/deja.o
[170/264] CC build/script/src/e3.o
script/src/e3.c:9: warning: type mismatch with previous implicit declaration
script/src/e3.c:4: warning: previous implicit declaration of `Generator_Mask'
script/src/e3.c:9: warning: `Generator_Mask' was previously implicitly declared to return `int'
script/src/e3.c:10: warning: type mismatch with previous implicit declaration
script/src/e3.c:6: warning: previous implicit declaration of `Generator_MaskOff'
script/src/e3.c:10: warning: `Generator_MaskOff' was previously implicitly declared to return `int'
script/src/e3.c:11: warning: type mismatch with previous implicit declaration
script/src/e3.c:6: warning: previous implicit declaration of `Generator_Call'
script/src/e3.c:11: warning: `Generator_Call' was previously implicitly declared to return `int'
script/src/e3.c:20: warning: type mismatch with previous implicit declaration
script/src/e3.c:14: warning: previous implicit declaration of `_ACTWait'
script/src/e3.c:20: warning: `_ACTWait' was previously implicitly declared to return `int'
[171/264] CC build/script/src/st00a.o
script/src/st00a.c:36: warning: type mismatch with previous implicit declaration
script/src/st00a.c:7: warning: previous implicit declaration of `actCreateSubThread'
script/src/st00a.c:36: warning: `actCreateSubThread' was previously implicitly declared to return `int'
[172/264] CC build/script/src/op.o
[173/264] CC build/script/src/st01b.o
script/src/st01b.c:113: warning: type mismatch with previous implicit declaration
script/src/st01b.c:109: warning: previous implicit declaration of `Generator_Mask'
script/src/st01b.c:113: warning: `Generator_Mask' was previously implicitly declared to return `int'
script/src/st01b.c:114: warning: type mismatch with previous implicit declaration
script/src/st01b.c:111: warning: previous implicit declaration of `Generator_MaskOff'
script/src/st01b.c:114: warning: `Generator_MaskOff' was previously implicitly declared to return `int'
script/src/st01b.c:115: warning: type mismatch with previous implicit declaration
script/src/st01b.c:111: warning: previous implicit declaration of `Generator_Call'
script/src/st01b.c:115: warning: `Generator_Call' was previously implicitly declared to return `int'
[174/264] CC build/script/src/end.o
[175/264] CC build/fumi/src/act-env.o
fumi/src/act-env.c: In function `func_001FA3D0':
fumi/src/act-env.c:687: warning: passing arg 2 of `func_00240038' from incompatible pointer type
fumi/src/act-env.c:873: warning: passing arg 1 of `func_00240038' from incompatible pointer type
fumi/src/act-env.c:875: warning: passing arg 1 of `func_0023FFF0' from incompatible pointer type
fumi/src/act-env.c:875: warning: passing arg 3 of `func_0023FFF0' from incompatible pointer type
fumi/src/act-env.c:877: warning: passing arg 1 of `func_00240038' from incompatible pointer type
fumi/src/act-env.c:1329: warning: passing arg 1 of `func_00240038' from incompatible pointer type
fumi/src/act-env.c:1329: warning: passing arg 2 of `func_00240038' from incompatible pointer type
fumi/src/act-env.c:1334: warning: passing arg 1 of `func_0023FFF0' from incompatible pointer type
fumi/src/act-env.c:1334: warning: passing arg 2 of `func_0023FFF0' from incompatible pointer type
fumi/src/act-env.c:1334: warning: passing arg 3 of `func_0023FFF0' from incompatible pointer type
fumi/src/act-env.c:1344: warning: passing arg 1 of `func_00240038' from incompatible pointer type
fumi/src/act-env.c:1348: warning: passing arg 2 of `func_0023FFF0' from incompatible pointer type
fumi/src/act-env.c:1348: warning: passing arg 3 of `func_0023FFF0' from incompatible pointer type
fumi/src/act-env.c:1399: warning: passing arg 1 of `func_00240038' from incompatible pointer type
fumi/src/act-env.c:1399: warning: passing arg 2 of `func_00240038' from incompatible pointer type
fumi/src/act-env.c:1404: warning: passing arg 1 of `func_0023FFF0' from incompatible pointer type
fumi/src/act-env.c:1404: warning: passing arg 2 of `func_0023FFF0' from incompatible pointer type
fumi/src/act-env.c:1404: warning: passing arg 3 of `func_0023FFF0' from incompatible pointer type
fumi/src/act-env.c:1414: warning: passing arg 1 of `func_00240038' from incompatible pointer type
fumi/src/act-env.c:1418: warning: passing arg 2 of `func_0023FFF0' from incompatible pointer type
fumi/src/act-env.c:1418: warning: passing arg 3 of `func_0023FFF0' from incompatible pointer type
fumi/src/act-env.c:1553: warning: passing arg 1 of `func_00240038' from incompatible pointer type
fumi/src/act-env.c:1555: warning: passing arg 3 of `func_0023FFF0' from incompatible pointer type
fumi/src/act-env.c:1609: warning: passing arg 1 of `func_00240038' from incompatible pointer type
fumi/src/act-env.c:1610: warning: passing arg 1 of `func_0023FFF0' from incompatible pointer type
fumi/src/act-env.c:1610: warning: passing arg 2 of `func_0023FFF0' from incompatible pointer type
fumi/src/act-env.c:1610: warning: passing arg 3 of `func_0023FFF0' from incompatible pointer type
fumi/src/act-env.c:1619: warning: passing arg 1 of `func_00240038' from incompatible pointer type
fumi/src/act-env.c:1621: warning: passing arg 1 of `func_0023FFF0' from incompatible pointer type
fumi/src/act-env.c:1670: warning: passing arg 1 of `func_0023FFF0' from incompatible pointer type
fumi/src/act-env.c:1804: warning: passing arg 2 of `func_00240038' from incompatible pointer type
fumi/src/act-env.c:1824: warning: passing arg 2 of `func_00240038' from incompatible pointer type
fumi/src/act-env.c:1826: warning: passing arg 1 of `func_0023FFF0' from incompatible pointer type
fumi/src/act-env.c:1929: warning: passing arg 1 of `func_0023FFF0' from incompatible pointer type
[176/264] CC build/script/src/st03t.o
[177/264] CC build/script/src/st04a.o
[178/264] CC build/script/src/st02a.o
script/src/st02a.c:39: warning: type mismatch with previous implicit declaration
script/src/st02a.c:37: warning: previous implicit declaration of `Generator_MaskOff'
script/src/st02a.c:39: warning: `Generator_MaskOff' was previously implicitly declared to return `int'
script/src/st02a.c:50: warning: type mismatch with previous implicit declaration
script/src/st02a.c:42: warning: previous implicit declaration of `Generator_Mask'
script/src/st02a.c:50: warning: `Generator_Mask' was previously implicitly declared to return `int'
script/src/st02a.c:51: warning: type mismatch with previous implicit declaration
script/src/st02a.c:44: warning: previous implicit declaration of `Generator_Call'
script/src/st02a.c:51: warning: `Generator_Call' was previously implicitly declared to return `int'
[179/264] CC build/script/src/st04b.o
[180/264] CC build/script/src/st04c.o
[181/264] CC build/script/src/st04d.o
[182/264] CC build/script/src/st04e.o
[183/264] CC build/script/src/st05d.o
[184/264] CC build/script/src/st04r.o
[185/264] CC build/script/src/st04l.o
[186/264] CC build/script/src/st05b.o
[187/264] CC build/script/src/st05c.o
script/src/st05c.c:66: warning: type mismatch with previous implicit declaration
script/src/st05c.c:64: warning: previous implicit declaration of `Generator_MaskOff'
script/src/st05c.c:66: warning: `Generator_MaskOff' was previously implicitly declared to return `int'
script/src/st05c.c:77: warning: type mismatch with previous implicit declaration
script/src/st05c.c:69: warning: previous implicit declaration of `Generator_Mask'
script/src/st05c.c:77: warning: `Generator_Mask' was previously implicitly declared to return `int'
script/src/st05c.c:78: warning: type mismatch with previous implicit declaration
script/src/st05c.c:71: warning: previous implicit declaration of `Generator_Call'
script/src/st05c.c:78: warning: `Generator_Call' was previously implicitly declared to return `int'
[188/264] CC build/script/src/st09a.o
script/src/st09a.c:321: warning: type mismatch with previous implicit declaration
script/src/st09a.c:317: warning: previous implicit declaration of `Generator_Mask'
script/src/st09a.c:321: warning: `Generator_Mask' was previously implicitly declared to return `int'
script/src/st09a.c:322: warning: type mismatch with previous implicit declaration
script/src/st09a.c:319: warning: previous implicit declaration of `Generator_MaskOff'
script/src/st09a.c:322: warning: `Generator_MaskOff' was previously implicitly declared to return `int'
script/src/st09a.c:323: warning: type mismatch with previous implicit declaration
script/src/st09a.c:319: warning: previous implicit declaration of `Generator_Call'
script/src/st09a.c:323: warning: `Generator_Call' was previously implicitly declared to return `int'
[189/264] CC build/script/src/st08a.o
[190/264] CC build/script/src/st08b.o
[191/264] CC build/script/src/st07a.o
[192/264] CC build/script/src/st06a.o
[193/264] CC build/script/src/st05e.o
[194/264] CC build/script/src/st13b.o
script/src/st13b.c:23: warning: type mismatch with previous implicit declaration
script/src/st13b.c:17: warning: previous implicit declaration of `_ACTWait'
script/src/st13b.c:23: warning: `_ACTWait' was previously implicitly declared to return `int'
script/src/st13b.c:53: warning: type mismatch with previous implicit declaration
script/src/st13b.c:46: warning: previous implicit declaration of `Generator_Mask'
script/src/st13b.c:53: warning: `Generator_Mask' was previously implicitly declared to return `int'
script/src/st13b.c:54: warning: type mismatch with previous implicit declaration
script/src/st13b.c:48: warning: previous implicit declaration of `Generator_MaskOff'
script/src/st13b.c:54: warning: `Generator_MaskOff' was previously implicitly declared to return `int'
script/src/st13b.c: In function `actSt13bMeetAgainChk':
script/src/st13b.c:220: warning: passing arg 1 of `scpSleepSpiderGroupOne' makes integer from pointer without a cast
[195/264] CC build/script/src/st13a.o
[196/264] CC build/script/src/st10l.o
[197/264] CC build/script/src/st10r.o
[198/264] CC build/script/src/st13b2.o
script/src/st13b2.c:137: warning: type mismatch with previous implicit declaration
script/src/st13b2.c:130: warning: previous implicit declaration of `Generator_Mask'
script/src/st13b2.c:137: warning: `Generator_Mask' was previously implicitly declared to return `int'
script/src/st13b2.c:138: warning: type mismatch with previous implicit declaration
script/src/st13b2.c:132: warning: previous implicit declaration of `Generator_MaskOff'
script/src/st13b2.c:138: warning: `Generator_MaskOff' was previously implicitly declared to return `int'
script/src/st13b2.c:139: warning: type mismatch with previous implicit declaration
script/src/st13b2.c:132: warning: previous implicit declaration of `Generator_Call'
script/src/st13b2.c:139: warning: `Generator_Call' was previously implicitly declared to return `int'
[199/264] CC build/script/src/st13c.o
script/src/st13c.c:72: warning: type mismatch with previous implicit declaration
script/src/st13c.c:62: warning: previous implicit declaration of `_ACTWait'
script/src/st13c.c:72: warning: `_ACTWait' was previously implicitly declared to return `int'
[200/264] CC build/script/src/st13d.o
[201/264] CC build/script/src/st17b.o
script/src/st17b.c:107: warning: type mismatch with previous implicit declaration
script/src/st17b.c:100: warning: previous implicit declaration of `Generator_Mask'
script/src/st17b.c:107: warning: `Generator_Mask' was previously implicitly declared to return `int'
script/src/st17b.c:108: warning: type mismatch with previous implicit declaration
script/src/st17b.c:102: warning: previous implicit declaration of `Generator_MaskOff'
script/src/st17b.c:108: warning: `Generator_MaskOff' was previously implicitly declared to return `int'
[202/264] CC build/script/src/st19a.o
[203/264] CC build/script/src/st17a.o
script/src/st17a.c:358: warning: type mismatch with previous implicit declaration
script/src/st17a.c:179: warning: previous implicit declaration of `BoxBarSoundOn'
script/src/st17a.c:358: warning: `BoxBarSoundOn' was previously implicitly declared to return `int'
[204/264] CC build/script/src/st18a.o
[205/264] CC build/script/src/st20a.o
[206/264] CC build/script/src/st24a.o
[207/264] CC build/script/src/st22a.o
[208/264] CC build/script/src/st99a.o
[209/264] CC build/script/src/st47a.o
script/src/st47a.c:287: warning: type mismatch with previous implicit declaration
script/src/st47a.c:178: warning: previous implicit declaration of `Generator_Mask'
script/src/st47a.c:287: warning: `Generator_Mask' was previously implicitly declared to return `int'
script/src/st47a.c:288: warning: type mismatch with previous implicit declaration
script/src/st47a.c:180: warning: previous implicit declaration of `Generator_MaskOff'
script/src/st47a.c:288: warning: `Generator_MaskOff' was previously implicitly declared to return `int'
script/src/st47a.c:289: warning: type mismatch with previous implicit declaration
script/src/st47a.c:180: warning: previous implicit declaration of `Generator_Call'
script/src/st47a.c:289: warning: `Generator_Call' was previously implicitly declared to return `int'
[210/264] CC build/script/src/stageSEProc.o
script/src/stageSEProc.c:192: warning: type mismatch with previous implicit declaration
script/src/stageSEProc.c:185: warning: previous implicit declaration of `Generator_Mask'
script/src/stageSEProc.c:192: warning: `Generator_Mask' was previously implicitly declared to return `int'
script/src/stageSEProc.c:193: warning: type mismatch with previous implicit declaration
script/src/stageSEProc.c:187: warning: previous implicit declaration of `Generator_MaskOff'
script/src/stageSEProc.c:193: warning: `Generator_MaskOff' was previously implicitly declared to return `int'
[211/264] CC build/omori/src/access.o
[212/264] CC build/omori/src/objact.o
[213/264] CC build/omori/src/lws_kyomi.o
omori/src/lws_kyomi.c:208: warning: type mismatch with previous implicit declaration
omori/src/lws_kyomi.c:199: warning: previous implicit declaration of `actSt25aQueenDeadChk'
omori/src/lws_kyomi.c:208: warning: `actSt25aQueenDeadChk' was previously implicitly declared to return `int'
[214/264] CC build/ito/mpeg/mv_audiodec.o
[215/264] AS build/seki/src/cluster.o
[216/264] CC build/ito/mpeg/mv_disp.o
ito/mpeg/mv_disp.c: In function `setImageSize':
ito/mpeg/mv_disp.c:31: warning: passing arg 1 of `DispWireLetter' makes pointer from integer without a cast
ito/mpeg/mv_disp.c: In function `dispCreate':
ito/mpeg/mv_disp.c:65: warning: passing arg 1 of `DispWireLetter' makes pointer from integer without a cast
ito/mpeg/mv_disp.c: In function `dispSetTags':
ito/mpeg/mv_disp.c:84: warning: passing arg 1 of `DispWireLetter' makes pointer from integer without a cast
ito/mpeg/mv_disp.c: In function `dispSwitch':
ito/mpeg/mv_disp.c:99: warning: passing arg 1 of `DispWireLetter' makes pointer from integer without a cast
ito/mpeg/mv_disp.c: In function `dispDelete':
ito/mpeg/mv_disp.c:116: warning: passing arg 1 of `DispWireLetter' makes pointer from integer without a cast
[217/264] AS build/seki/src/mesh.o
[218/264] AS build/seki/src/normal_c.o
[219/264] AS build/seki/src/particle.o
[220/264] AS build/seki/src/normal_l.o
[221/264] AS build/asm/aug6/data/src/cod/170A50.o
[222/264] AS build/asm/aug6/data/src/cod/170A80.data.o
[223/264] CC build/ito/mpeg/mv_sub.o
[224/264] AS build/asm/aug6/data/src/cod/172580.data.o
[225/264] AS build/asm/aug6/data/src/cod/44D980.rodata.o
[226/264] AS build/asm/aug6/data/src/cod/44E23C.rodata.o
[227/264] CC build/ito/mpeg/mv_vibuf.o
[228/264] AS build/asm/aug6/data/src/cod/451994.rodata.o
[229/264] AS build/asm/aug6/data/src/cod/44F1F8.rodata.o
[230/264] AS build/asm/aug6/data/src/cod/451EA0.rodata.o
[231/264] AS build/asm/aug6/data/src/cod/452940.rodata.o
[232/264] AS build/asm/aug6/data/src/cod/45248C.rodata.o
[233/264] AS build/asm/aug6/data/src/cod/4530C0.rodata.o
[234/264] AS build/asm/aug6/data/src/cod/453D4C.rodata.o
[235/264] AS build/asm/aug6/data/src/cod/455060.rodata.o
[236/264] AS build/asm/aug6/data/src/cod/4551A8.rodata.o
[237/264] AS build/asm/aug6/data/src/cod/456318.rodata.o
[238/264] AS build/asm/aug6/data/src/cod/456374.rodata.o
[239/264] AS build/asm/aug6/data/src/cod/457090.rodata.o
[240/264] AS build/asm/aug6/data/src/cod/4563E0.rodata.o
[241/264] AS build/asm/aug6/data/src/cod/50DAD8.rodata.o
[242/264] AS build/asm/aug6/data/src/cod/50F6E0.rodata.o
[243/264] CC build/common/src/GobjProc.o
[244/264] AS build/asm/aug6/data/src/cod/511198.rodata.o
[245/264] AS build/asm/aug6/data/src/cod/512064.rodata.o
[246/264] AS build/asm/aug6/data/src/cod/511850.rodata.o
[247/264] AS build/asm/aug6/data/src/cod/512710.rodata.o
[248/264] AS build/asm/aug6/data/src/cod/513290.rodata.o
[249/264] AS build/asm/aug6/data/src/cod/5128D0.rodata.o
[250/264] AS build/asm/aug6/data/src/cod/513780.rodata.o
[251/264] AS build/asm/aug6/data/src/cod/513820.rodata.o
[252/264] AS build/asm/aug6/data/src/cod/3C1F30.data.o
[253/264] AS build/asm/aug6/data/src/cod/52BA80.sdata.o
[254/264] AS build/asm/aug6/data/src/cod/52AA80.lit4.o
[255/264] AS build/asm/aug6/data/src/cod/62DD80.sbss.o
[256/264] AS build/asm/aug6/data/src/cod/514450.rodata.o
[257/264] AS build/asm/aug6/data/src/cod/52C96C.sdata.o
[258/264] AS build/asm/aug6/data/src/cod/62E180.bss.o
[259/264] AS build/asm/aug6/data/src/cod/4570F0.rodata.o
[260/264] AS build/asm/aug6/data/src/cod/17DE30.data.o
[261/264] CC build/common/src/PObj.o
common/src/PObj.c:584: warning: type mismatch with previous implicit declaration
common/src/PObj.c:181: warning: previous implicit declaration of `func_002400F8'
common/src/PObj.c:584: warning: `func_002400F8' was previously implicitly declared to return `int'
common/src/PObj.c: In function `func_00241640':
common/src/PObj.c:1217: warning: passing arg 1 of `func_002415E8' from incompatible pointer type
common/src/PObj.c:1217: warning: assignment makes integer from pointer without a cast
common/src/PObj.c: In function `func_00241698':
common/src/PObj.c:1232: warning: passing arg 1 of `func_002415E8' from incompatible pointer type
common/src/PObj.c:1232: warning: assignment makes integer from pointer without a cast
common/src/PObj.c: At top level:
common/src/PObj.c:1724: warning: type mismatch with previous implicit declaration
common/src/PObj.c:1702: warning: previous implicit declaration of `func_00101A40'
common/src/PObj.c:1724: warning: `func_00101A40' was previously implicitly declared to return `int'
common/src/PObj.c:1725: warning: type mismatch with previous implicit declaration
common/src/PObj.c:1720: warning: previous implicit declaration of `func_00101A88'
common/src/PObj.c:1725: warning: `func_00101A88' was previously implicitly declared to return `int'
common/src/PObj.c: In function `func_00243058':
common/src/PObj.c:1754: warning: passing arg 1 of `func_00242E38' makes pointer from integer without a cast
common/src/PObj.c:1754: warning: assignment makes integer from pointer without a cast
common/src/PObj.c: At top level:
common/src/PObj.c:4208: warning: type mismatch with previous implicit declaration
common/src/PObj.c:1676: warning: previous implicit declaration of `func_00100F18'
common/src/PObj.c:4208: warning: `func_00100F18' was previously implicitly declared to return `int'
common/src/PObj.c:4628: warning: type mismatch with previous implicit declaration
common/src/PObj.c:4624: warning: previous implicit declaration of `func_0024E260'
common/src/PObj.c:4628: warning: `func_0024E260' was previously implicitly declared to return `int'
common/src/PObj.c: In function `func_0024E920':
common/src/PObj.c:4949: warning: passing arg 1 of `func_0024E088' makes pointer from integer without a cast
common/src/PObj.c:4954: warning: passing arg 1 of `func_0024E8E0' makes integer from pointer without a cast
common/src/PObj.c: In function `func_002521A0':
common/src/PObj.c:6384: warning: passing arg 1 of `func_00252870' makes integer from pointer without a cast
common/src/PObj.c:6396: warning: passing arg 1 of `func_00252870' makes integer from pointer without a cast
common/src/PObj.c: At top level:
common/src/PObj.c:6510: warning: type mismatch with previous implicit declaration
common/src/PObj.c:6455: warning: previous implicit declaration of `func_00252F88'
common/src/PObj.c:6510: warning: `func_00252F88' was previously implicitly declared to return `int'
common/src/PObj.c: In function `func_0025A5C8':
common/src/PObj.c:7756: warning: initialization makes pointer from integer without a cast
common/src/PObj.c: At top level:
common/src/PObj.c:8284: warning: type mismatch with previous implicit declaration
common/src/PObj.c:8153: warning: previous implicit declaration of `func_0025EBD8'
common/src/PObj.c:8284: warning: `func_0025EBD8' was previously implicitly declared to return `int'
common/src/PObj.c: In function `func_0025F4A0':
common/src/PObj.c:8291: warning: passing arg 1 of `func_0025F388' from incompatible pointer type
common/src/PObj.c:8291: warning: passing arg 2 of `func_0025F388' from incompatible pointer type
common/src/PObj.c: At top level:
common/src/PObj.c:8505: warning: type mismatch with previous implicit declaration
common/src/PObj.c:8433: warning: previous implicit declaration of `func_0025F8B0'
common/src/PObj.c:8505: warning: `func_0025F8B0' was previously implicitly declared to return `int'
common/src/PObj.c: In function `func_002600A8':
common/src/PObj.c:8514: warning: passing arg 1 of `func_0025FF90' from incompatible pointer type
common/src/PObj.c:8514: warning: passing arg 2 of `func_0025FF90' from incompatible pointer type
common/src/PObj.c: At top level:
common/src/PObj.c:8536: warning: type mismatch with previous implicit declaration
common/src/PObj.c:8330: warning: previous implicit declaration of `func_00260310'
common/src/PObj.c:8536: warning: `func_00260310' was previously implicitly declared to return `int'
common/src/PObj.c: In function `func_00269818':
common/src/PObj.c:9484: warning: return makes pointer from integer without a cast
common/src/PObj.c: In function `func_00269868':
common/src/PObj.c:9499: warning: passing arg 2 of `func_00241BA0' makes pointer from integer without a cast
common/src/PObj.c: In function `func_0026AFF8':
common/src/PObj.c:9613: warning: passing arg 1 of `func_00241B80' makes pointer from integer without a cast
common/src/PObj.c:9613: warning: passing arg 2 of `func_00241B80' makes pointer from integer without a cast
  → consider adding PObj to /primary/dev/ico-aug6/config/use_modern_as.txt
asm/aug6/nonmatchings/common/src/PObj/func_0023D4E8.s: Assembler messages:
asm/aug6/nonmatchings/common/src/PObj/func_0023D4E8.s:165: Warning: used $at without ".set noat"
asm/aug6/nonmatchings/common/src/PObj/func_0023D4E8.s:166: Warning: used $at without ".set noat"
asm/aug6/nonmatchings/common/src/PObj/func_0023D4E8.s:222: Warning: used $at without ".set noat"
asm/aug6/nonmatchings/common/src/PObj/func_0023D4E8.s:223: Warning: used $at without ".set noat"
asm/aug6/nonmatchings/common/src/PObj/func_0023DF40.s:20: Warning: used $at without ".set noat"
asm/aug6/nonmatchings/common/src/PObj/func_0023DF40.s:21: Warning: used $at without ".set noat"
asm/aug6/nonmatchings/common/src/PObj/func_002405E0.s:39: Warning: used $at without ".set noat"
asm/aug6/nonmatchings/common/src/PObj/func_002405E0.s:40: Warning: used $at without ".set noat"
asm/aug6/nonmatchings/common/src/PObj/func_002406E8.s:13: Warning: used $at without ".set noat"
asm/aug6/nonmatchings/common/src/PObj/func_002406E8.s:14: Warning: used $at without ".set noat"
asm/aug6/nonmatchings/common/src/PObj/func_002406E8.s:56: Warning: used $at without ".set noat"
asm/aug6/nonmatchings/common/src/PObj/func_002406E8.s:57: Warning: used $at without ".set noat"
asm/aug6/nonmatchings/common/src/PObj/func_00247A00.s:8: Warning: used $at without ".set noat"
asm/aug6/nonmatchings/common/src/PObj/func_00247A00.s:38: Warning: used $at without ".set noat"
asm/aug6/nonmatchings/common/src/PObj/func_00247A00.s:39: Warning: used $at without ".set noat"
asm/aug6/nonmatchings/common/src/PObj/func_00247A00.s:41: Warning: used $at without ".set noat"
asm/aug6/nonmatchings/common/src/PObj/func_00247A00.s:42: Warning: used $at without ".set noat"
asm/aug6/nonmatchings/common/src/PObj/func_00247A00.s:44: Warning: used $at without ".set noat"
asm/aug6/nonmatchings/common/src/PObj/func_00247A00.s:45: Warning: used $at without ".set noat"
asm/aug6/nonmatchings/common/src/PObj/func_00247A00.s:47: Warning: used $at without ".set noat"
asm/aug6/nonmatchings/common/src/PObj/func_00247A00.s:48: Warning: used $at without ".set noat"
asm/aug6/nonmatchings/common/src/PObj/func_00247A00.s:50: Warning: used $at without ".set noat"
asm/aug6/nonmatchings/common/src/PObj/func_00247A00.s:51: Warning: used $at without ".set noat"
asm/aug6/nonmatchings/common/src/PObj/func_00247A00.s:58: Warning: used $at without ".set noat"
asm/aug6/nonmatchings/common/src/PObj/func_00247A00.s:59: Warning: used $at without ".set noat"
asm/aug6/nonmatchings/common/src/PObj/func_00247A00.s:60: Warning: used $at without ".set noat"
asm/aug6/nonmatchings/common/src/PObj/func_00247A00.s:61: Warning: used $at without ".set noat"
asm/aug6/nonmatchings/common/src/PObj/func_00247A00.s:62: Warning: used $at without ".set noat"
asm/aug6/nonmatchings/common/src/PObj/func_00247A00.s:64: Warning: used $at without ".set noat"
asm/aug6/nonmatchings/common/src/PObj/func_00247A00.s:66: Warning: used $at without ".set noat"
asm/aug6/nonmatchings/common/src/PObj/func_00247A00.s:67: Warning: used $at without ".set noat"
asm/aug6/nonmatchings/common/src/PObj/func_00247A00.s:72: Warning: used $at without ".set noat"
asm/aug6/nonmatchings/common/src/PObj/func_00247A00.s:73: Warning: used $at without ".set noat"
asm/aug6/nonmatchings/common/src/PObj/func_00247A00.s:75: Warning: used $at without ".set noat"
asm/aug6/nonmatchings/common/src/PObj/func_00247A00.s:88: Warning: used $at without ".set noat"
asm/aug6/nonmatchings/common/src/PObj/func_00247A00.s:90: Warning: used $at without ".set noat"
asm/aug6/nonmatchings/common/src/PObj/func_00247A00.s:91: Warning: used $at without ".set noat"
asm/aug6/nonmatchings/common/src/PObj/func_00247A00.s:115: Warning: used $at without ".set noat"
asm/aug6/nonmatchings/common/src/PObj/func_00247A00.s:156: Warning: used $at without ".set noat"
asm/aug6/nonmatchings/common/src/PObj/func_00247A00.s:186: Warning: used $at without ".set noat"
asm/aug6/nonmatchings/common/src/PObj/func_00247A00.s:187: Warning: used $at without ".set noat"
asm/aug6/nonmatchings/common/src/PObj/func_00247A00.s:189: Warning: used $at without ".set noat"
asm/aug6/nonmatchings/common/src/PObj/func_00247A00.s:190: Warning: used $at without ".set noat"
asm/aug6/nonmatchings/common/src/PObj/func_00247A00.s:192: Warning: used $at without ".set noat"
asm/aug6/nonmatchings/common/src/PObj/func_00247A00.s:193: Warning: used $at without ".set noat"
asm/aug6/nonmatchings/common/src/PObj/func_00247A00.s:195: Warning: used $at without ".set noat"
asm/aug6/nonmatchings/common/src/PObj/func_00247A00.s:196: Warning: used $at without ".set noat"
asm/aug6/nonmatchings/common/src/PObj/func_00247A00.s:198: Warning: used $at without ".set noat"
asm/aug6/nonmatchings/common/src/PObj/func_00247A00.s:199: Warning: used $at without ".set noat"
asm/aug6/nonmatchings/common/src/PObj/func_00247A00.s:207: Warning: used $at without ".set noat"
asm/aug6/nonmatchings/common/src/PObj/func_00247A00.s:208: Warning: used $at without ".set noat"
asm/aug6/nonmatchings/common/src/PObj/func_00247A00.s:209: Warning: used $at without ".set noat"
asm/aug6/nonmatchings/common/src/PObj/func_00247A00.s:211: Warning: used $at without ".set noat"
asm/aug6/nonmatchings/common/src/PObj/func_00247A00.s:213: Warning: used $at without ".set noat"
asm/aug6/nonmatchings/common/src/PObj/func_00247A00.s:214: Warning: used $at without ".set noat"
asm/aug6/nonmatchings/common/src/PObj/func_00247A00.s:220: Warning: used $at without ".set noat"
asm/aug6/nonmatchings/common/src/PObj/func_00247A00.s:221: Warning: used $at without ".set noat"
asm/aug6/nonmatchings/common/src/PObj/func_00247A00.s:222: Warning: used $at without ".set noat"
asm/aug6/nonmatchings/common/src/PObj/func_00247A00.s:224: Warning: used $at without ".set noat"
asm/aug6/nonmatchings/common/src/PObj/func_00247DD8.s:96: Warning: used $at without ".set noat"
asm/aug6/nonmatchings/common/src/PObj/func_00247DD8.s:97: Warning: used $at without ".set noat"
asm/aug6/nonmatchings/common/src/PObj/func_002510B0.s:111: Warning: used $at without ".set noat"
asm/aug6/nonmatchings/common/src/PObj/func_002510B0.s:112: Warning: used $at without ".set noat"
asm/aug6/nonmatchings/common/src/PObj/func_00252D58.s:76: Warning: used $at without ".set noat"
asm/aug6/nonmatchings/common/src/PObj/func_00252D58.s:77: Warning: used $at without ".set noat"
asm/aug6/nonmatchings/common/src/PObj/func_00252D58.s:90: Warning: used $at without ".set noat"
asm/aug6/nonmatchings/common/src/PObj/func_00252D58.s:91: Warning: used $at without ".set noat"
asm/aug6/nonmatchings/common/src/PObj/func_00252D58.s:102: Warning: used $at without ".set noat"
asm/aug6/nonmatchings/common/src/PObj/func_00252D58.s:103: Warning: used $at without ".set noat"
asm/aug6/nonmatchings/common/src/PObj/func_00254550.s:33: Warning: used $at without ".set noat"
asm/aug6/nonmatchings/common/src/PObj/func_00254550.s:34: Warning: used $at without ".set noat"
asm/aug6/nonmatchings/common/src/PObj/func_00255ED8.s:268: Warning: used $at without ".set noat"
asm/aug6/nonmatchings/common/src/PObj/func_00255ED8.s:269: Warning: used $at without ".set noat"
asm/aug6/nonmatchings/common/src/PObj/func_00255ED8.s:281: Warning: used $at without ".set noat"
asm/aug6/nonmatchings/common/src/PObj/func_00255ED8.s:282: Warning: used $at without ".set noat"
asm/aug6/nonmatchings/common/src/PObj/func_00255ED8.s:288: Warning: used $at without ".set noat"
asm/aug6/nonmatchings/common/src/PObj/func_00255ED8.s:289: Warning: used $at without ".set noat"
asm/aug6/nonmatchings/common/src/PObj/func_0025A768.s:23: Warning: used $at without ".set noat"
asm/aug6/nonmatchings/common/src/PObj/func_0025A768.s:24: Warning: used $at without ".set noat"
asm/aug6/nonmatchings/common/src/PObj/func_0025A868.s:23: Warning: used $at without ".set noat"
asm/aug6/nonmatchings/common/src/PObj/func_0025A868.s:24: Warning: used $at without ".set noat"
asm/aug6/nonmatchings/common/src/PObj/func_0025ABD0.s:21: Warning: used $at without ".set noat"
asm/aug6/nonmatchings/common/src/PObj/func_0025ABD0.s:22: Warning: used $at without ".set noat"
asm/aug6/nonmatchings/common/src/PObj/func_0025ABD0.s:23: Warning: used $at without ".set noat"
asm/aug6/nonmatchings/common/src/PObj/func_0025ABD0.s:48: Warning: used $at without ".set noat"
asm/aug6/nonmatchings/common/src/PObj/func_0025ABD0.s:49: Warning: used $at without ".set noat"
asm/aug6/nonmatchings/common/src/PObj/func_0025ABD0.s:50: Warning: used $at without ".set noat"
asm/aug6/nonmatchings/common/src/PObj/func_0025ABD0.s:55: Warning: used $at without ".set noat"
asm/aug6/nonmatchings/common/src/PObj/func_0025ABD0.s:56: Warning: used $at without ".set noat"
asm/aug6/nonmatchings/common/src/PObj/func_0025ABD0.s:57: Warning: used $at without ".set noat"
asm/aug6/nonmatchings/common/src/PObj/func_0025ABD0.s:58: Warning: used $at without ".set noat"
asm/aug6/nonmatchings/common/src/PObj/func_0025ABD0.s:59: Warning: used $at without ".set noat"
asm/aug6/nonmatchings/common/src/PObj/func_0025ABD0.s:60: Warning: used $at without ".set noat"
asm/aug6/nonmatchings/common/src/PObj/func_0025ABD0.s:61: Warning: used $at without ".set noat"
asm/aug6/nonmatchings/common/src/PObj/func_0025ABD0.s:62: Warning: used $at without ".set noat"
asm/aug6/nonmatchings/common/src/PObj/func_0025ABD0.s:63: Warning: used $at without ".set noat"
asm/aug6/nonmatchings/common/src/PObj/func_0025ABD0.s:65: Warning: used $at without ".set noat"
asm/aug6/nonmatchings/common/src/PObj/func_0025ABD0.s:66: Warning: used $at without ".set noat"
asm/aug6/nonmatchings/common/src/PObj/func_0025ABD0.s:67: Warning: used $at without ".set noat"
asm/aug6/nonmatchings/common/src/PObj/func_0025ABD0.s:68: Warning: used $at without ".set noat"
asm/aug6/nonmatchings/common/src/PObj/func_0025ABD0.s:69: Warning: used $at without ".set noat"
asm/aug6/nonmatchings/common/src/PObj/func_0025ABD0.s:70: Warning: used $at without ".set noat"
asm/aug6/nonmatchings/common/src/PObj/func_0025ABD0.s:72: Warning: used $at without ".set noat"
asm/aug6/nonmatchings/common/src/PObj/func_0025ABD0.s:73: Warning: used $at without ".set noat"
asm/aug6/nonmatchings/common/src/PObj/func_0025ABD0.s:74: Warning: used $at without ".set noat"
asm/aug6/nonmatchings/common/src/PObj/func_0025ABD0.s:76: Warning: used $at without ".set noat"
asm/aug6/nonmatchings/common/src/PObj/func_0025ABD0.s:77: Warning: used $at without ".set noat"
asm/aug6/nonmatchings/common/src/PObj/func_0025ABD0.s:78: Warning: used $at without ".set noat"
asm/aug6/nonmatchings/common/src/PObj/func_0025ABD0.s:79: Warning: used $at without ".set noat"
asm/aug6/nonmatchings/common/src/PObj/func_0025ABD0.s:80: Warning: used $at without ".set noat"
asm/aug6/nonmatchings/common/src/PObj/func_0025ABD0.s:81: Warning: used $at without ".set noat"
asm/aug6/nonmatchings/common/src/PObj/func_0025ABD0.s:83: Warning: used $at without ".set noat"
asm/aug6/nonmatchings/common/src/PObj/func_0025ABD0.s:84: Warning: used $at without ".set noat"
asm/aug6/nonmatchings/common/src/PObj/func_0025ABD0.s:85: Warning: used $at without ".set noat"
asm/aug6/nonmatchings/common/src/PObj/func_0025ABD0.s:87: Warning: used $at without ".set noat"
asm/aug6/nonmatchings/common/src/PObj/func_0025ABD0.s:88: Warning: used $at without ".set noat"
asm/aug6/nonmatchings/common/src/PObj/func_0025ABD0.s:89: Warning: used $at without ".set noat"
asm/aug6/nonmatchings/common/src/PObj/func_0025ABD0.s:90: Warning: used $at without ".set noat"
asm/aug6/nonmatchings/common/src/PObj/func_0025ABD0.s:91: Warning: used $at without ".set noat"
asm/aug6/nonmatchings/common/src/PObj/func_0025ABD0.s:93: Warning: used $at without ".set noat"
asm/aug6/nonmatchings/common/src/PObj/func_0025ABD0.s:94: Warning: used $at without ".set noat"
asm/aug6/nonmatchings/common/src/PObj/func_0025ABD0.s:95: Warning: used $at without ".set noat"
asm/aug6/nonmatchings/common/src/PObj/func_0025ABD0.s:97: Warning: used $at without ".set noat"
asm/aug6/nonmatchings/common/src/PObj/func_0025ABD0.s:98: Warning: used $at without ".set noat"
asm/aug6/nonmatchings/common/src/PObj/func_0025ABD0.s:99: Warning: used $at without ".set noat"
asm/aug6/nonmatchings/common/src/PObj/func_0025ABD0.s:124: Warning: used $at without ".set noat"
asm/aug6/nonmatchings/common/src/PObj/func_0025ABD0.s:125: Warning: used $at without ".set noat"
asm/aug6/nonmatchings/common/src/PObj/func_0025ABD0.s:126: Warning: used $at without ".set noat"
asm/aug6/nonmatchings/common/src/PObj/func_0025ABD0.s:127: Warning: used $at without ".set noat"
asm/aug6/nonmatchings/common/src/PObj/func_0025ABD0.s:129: Warning: used $at without ".set noat"
asm/aug6/nonmatchings/common/src/PObj/func_0025ABD0.s:130: Warning: used $at without ".set noat"
asm/aug6/nonmatchings/common/src/PObj/func_0025ABD0.s:131: Warning: used $at without ".set noat"
asm/aug6/nonmatchings/common/src/PObj/func_0025ABD0.s:132: Warning: used $at without ".set noat"
asm/aug6/nonmatchings/common/src/PObj/func_0025ABD0.s:133: Warning: used $at without ".set noat"
asm/aug6/nonmatchings/common/src/PObj/func_0025ABD0.s:134: Warning: used $at without ".set noat"
asm/aug6/nonmatchings/common/src/PObj/func_0025ABD0.s:135: Warning: used $at without ".set noat"
asm/aug6/nonmatchings/common/src/PObj/func_0025ABD0.s:136: Warning: used $at without ".set noat"
asm/aug6/nonmatchings/common/src/PObj/func_0025ABD0.s:137: Warning: used $at without ".set noat"
asm/aug6/nonmatchings/common/src/PObj/func_0025ABD0.s:139: Warning: used $at without ".set noat"
asm/aug6/nonmatchings/common/src/PObj/func_0025ABD0.s:140: Warning: used $at without ".set noat"
asm/aug6/nonmatchings/common/src/PObj/func_0025ABD0.s:141: Warning: used $at without ".set noat"
asm/aug6/nonmatchings/common/src/PObj/func_0025ABD0.s:142: Warning: used $at without ".set noat"
asm/aug6/nonmatchings/common/src/PObj/func_0025ABD0.s:143: Warning: used $at without ".set noat"
asm/aug6/nonmatchings/common/src/PObj/func_0025ABD0.s:144: Warning: used $at without ".set noat"
asm/aug6/nonmatchings/common/src/PObj/func_0025ABD0.s:145: Warning: used $at without ".set noat"
asm/aug6/nonmatchings/common/src/PObj/func_0025ABD0.s:146: Warning: used $at without ".set noat"
asm/aug6/nonmatchings/common/src/PObj/func_0025ABD0.s:147: Warning: used $at without ".set noat"
asm/aug6/nonmatchings/common/src/PObj/func_0025ABD0.s:149: Warning: used $at without ".set noat"
asm/aug6/nonmatchings/common/src/PObj/func_0025ABD0.s:150: Warning: used $at without ".set noat"
asm/aug6/nonmatchings/common/src/PObj/func_0025ABD0.s:151: Warning: used $at without ".set noat"
asm/aug6/nonmatchings/common/src/PObj/func_0025ABD0.s:153: Warning: used $at without ".set noat"
asm/aug6/nonmatchings/common/src/PObj/func_0025ABD0.s:154: Warning: used $at without ".set noat"
asm/aug6/nonmatchings/common/src/PObj/func_0025ABD0.s:155: Warning: used $at without ".set noat"
asm/aug6/nonmatchings/common/src/PObj/func_0025ABD0.s:156: Warning: used $at without ".set noat"
asm/aug6/nonmatchings/common/src/PObj/func_0025ABD0.s:157: Warning: used $at without ".set noat"
asm/aug6/nonmatchings/common/src/PObj/func_0025ABD0.s:158: Warning: used $at without ".set noat"
asm/aug6/nonmatchings/common/src/PObj/func_0025ABD0.s:161: Warning: used $at without ".set noat"
asm/aug6/nonmatchings/common/src/PObj/func_0025ABD0.s:162: Warning: used $at without ".set noat"
asm/aug6/nonmatchings/common/src/PObj/func_0025ABD0.s:163: Warning: used $at without ".set noat"
asm/aug6/nonmatchings/common/src/PObj/func_0025ABD0.s:182: Warning: used $at without ".set noat"
asm/aug6/nonmatchings/common/src/PObj/func_0025ABD0.s:183: Warning: used $at without ".set noat"
asm/aug6/nonmatchings/common/src/PObj/func_0025ABD0.s:184: Warning: used $at without ".set noat"
asm/aug6/nonmatchings/common/src/PObj/func_0025ABD0.s:188: Warning: used $at without ".set noat"
asm/aug6/nonmatchings/common/src/PObj/func_0025ABD0.s:189: Warning: used $at without ".set noat"
asm/aug6/nonmatchings/common/src/PObj/func_0025ABD0.s:190: Warning: used $at without ".set noat"
asm/aug6/nonmatchings/common/src/PObj/func_0025ABD0.s:199: Warning: used $at without ".set noat"
asm/aug6/nonmatchings/common/src/PObj/func_0025ABD0.s:200: Warning: used $at without ".set noat"
asm/aug6/nonmatchings/common/src/PObj/func_0025ABD0.s:201: Warning: used $at without ".set noat"
asm/aug6/nonmatchings/common/src/PObj/func_0025ABD0.s:202: Warning: used $at without ".set noat"
asm/aug6/nonmatchings/common/src/PObj/func_0025ABD0.s:214: Warning: used $at without ".set noat"
asm/aug6/nonmatchings/common/src/PObj/func_0025ABD0.s:215: Warning: used $at without ".set noat"
asm/aug6/nonmatchings/common/src/PObj/func_0025ABD0.s:216: Warning: used $at without ".set noat"
asm/aug6/nonmatchings/common/src/PObj/func_0025ABD0.s:217: Warning: used $at without ".set noat"
asm/aug6/nonmatchings/common/src/PObj/func_0025ABD0.s:218: Warning: used $at without ".set noat"
asm/aug6/nonmatchings/common/src/PObj/func_0025ABD0.s:219: Warning: used $at without ".set noat"
asm/aug6/nonmatchings/common/src/PObj/func_0025ABD0.s:221: Warning: used $at without ".set noat"
asm/aug6/nonmatchings/common/src/PObj/func_0025ABD0.s:222: Warning: used $at without ".set noat"
asm/aug6/nonmatchings/common/src/PObj/func_0025ABD0.s:223: Warning: used $at without ".set noat"
asm/aug6/nonmatchings/common/src/PObj/func_0025ABD0.s:224: Warning: used $at without ".set noat"
asm/aug6/nonmatchings/common/src/PObj/func_0025ABD0.s:225: Warning: used $at without ".set noat"
asm/aug6/nonmatchings/common/src/PObj/func_0025ABD0.s:226: Warning: used $at without ".set noat"
asm/aug6/nonmatchings/common/src/PObj/func_0025ABD0.s:229: Warning: used $at without ".set noat"
asm/aug6/nonmatchings/common/src/PObj/func_0025ABD0.s:230: Warning: used $at without ".set noat"
asm/aug6/nonmatchings/common/src/PObj/func_0025ABD0.s:231: Warning: used $at without ".set noat"
asm/aug6/nonmatchings/common/src/PObj/func_0025ABD0.s:233: Warning: used $at without ".set noat"
asm/aug6/nonmatchings/common/src/PObj/func_0025ABD0.s:234: Warning: used $at without ".set noat"
asm/aug6/nonmatchings/common/src/PObj/func_0025ABD0.s:235: Warning: used $at without ".set noat"
asm/aug6/nonmatchings/common/src/PObj/func_0025ABD0.s:238: Warning: used $at without ".set noat"
asm/aug6/nonmatchings/common/src/PObj/func_0025ABD0.s:239: Warning: used $at without ".set noat"
asm/aug6/nonmatchings/common/src/PObj/func_0025ABD0.s:240: Warning: used $at without ".set noat"
asm/aug6/nonmatchings/common/src/PObj/func_0025ABD0.s:242: Warning: used $at without ".set noat"
asm/aug6/nonmatchings/common/src/PObj/func_0025ABD0.s:243: Warning: used $at without ".set noat"
asm/aug6/nonmatchings/common/src/PObj/func_0025ABD0.s:244: Warning: used $at without ".set noat"
asm/aug6/nonmatchings/common/src/PObj/func_0025ABD0.s:246: Warning: used $at without ".set noat"
asm/aug6/nonmatchings/common/src/PObj/func_0025ABD0.s:247: Warning: used $at without ".set noat"
asm/aug6/nonmatchings/common/src/PObj/func_0025ABD0.s:248: Warning: used $at without ".set noat"
asm/aug6/nonmatchings/common/src/PObj/func_0025ABD0.s:255: Warning: used $at without ".set noat"
asm/aug6/nonmatchings/common/src/PObj/func_0025ABD0.s:256: Warning: used $at without ".set noat"
asm/aug6/nonmatchings/common/src/PObj/func_0025ABD0.s:257: Warning: used $at without ".set noat"
asm/aug6/nonmatchings/common/src/PObj/func_0025B000.s:19: Warning: used $at without ".set noat"
asm/aug6/nonmatchings/common/src/PObj/func_0025B000.s:20: Warning: used $at without ".set noat"
asm/aug6/nonmatchings/common/src/PObj/func_0025B000.s:21: Warning: used $at without ".set noat"
asm/aug6/nonmatchings/common/src/PObj/func_0025B000.s:22: Warning: used $at without ".set noat"
asm/aug6/nonmatchings/common/src/PObj/func_0025B000.s:23: Warning: used $at without ".set noat"
asm/aug6/nonmatchings/common/src/PObj/func_0025B000.s:24: Warning: used $at without ".set noat"
asm/aug6/nonmatchings/common/src/PObj/func_0025B000.s:51: Warning: used $at without ".set noat"
asm/aug6/nonmatchings/common/src/PObj/func_0025B000.s:52: Warning: used $at without ".set noat"
asm/aug6/nonmatchings/common/src/PObj/func_0025B000.s:53: Warning: used $at without ".set noat"
asm/aug6/nonmatchings/common/src/PObj/func_0025B000.s:54: Warning: used $at without ".set noat"
asm/aug6/nonmatchings/common/src/PObj/func_0025B000.s:55: Warning: used $at without ".set noat"
asm/aug6/nonmatchings/common/src/PObj/func_0025B000.s:64: Warning: used $at without ".set noat"
asm/aug6/nonmatchings/common/src/PObj/func_0025B000.s:65: Warning: used $at without ".set noat"
asm/aug6/nonmatchings/common/src/PObj/func_0025B000.s:66: Warning: used $at without ".set noat"
asm/aug6/nonmatchings/common/src/PObj/func_0025B000.s:67: Warning: used $at without ".set noat"
asm/aug6/nonmatchings/common/src/PObj/func_0025B000.s:68: Warning: used $at without ".set noat"
asm/aug6/nonmatchings/common/src/PObj/func_0025B000.s:69: Warning: used $at without ".set noat"
asm/aug6/nonmatchings/common/src/PObj/func_0025B000.s:71: Warning: used $at without ".set noat"
asm/aug6/nonmatchings/common/src/PObj/func_0025B000.s:72: Warning: used $at without ".set noat"
asm/aug6/nonmatchings/common/src/PObj/func_0025B000.s:73: Warning: used $at without ".set noat"
asm/aug6/nonmatchings/common/src/PObj/func_0025B000.s:74: Warning: used $at without ".set noat"
asm/aug6/nonmatchings/common/src/PObj/func_0025B000.s:75: Warning: used $at without ".set noat"
asm/aug6/nonmatchings/common/src/PObj/func_0025B000.s:76: Warning: used $at without ".set noat"
asm/aug6/nonmatchings/common/src/PObj/func_0025B000.s:77: Warning: used $at without ".set noat"
asm/aug6/nonmatchings/common/src/PObj/func_0025B000.s:78: Warning: used $at without ".set noat"
asm/aug6/nonmatchings/common/src/PObj/func_0025B000.s:79: Warning: used $at without ".set noat"
asm/aug6/nonmatchings/common/src/PObj/func_0025B000.s:81: Warning: used $at without ".set noat"
asm/aug6/nonmatchings/common/src/PObj/func_0025B000.s:82: Warning: used $at without ".set noat"
asm/aug6/nonmatchings/common/src/PObj/func_0025B000.s:83: Warning: used $at without ".set noat"
asm/aug6/nonmatchings/common/src/PObj/func_0025B000.s:85: Warning: used $at without ".set noat"
asm/aug6/nonmatchings/common/src/PObj/func_0025B000.s:86: Warning: used $at without ".set noat"
asm/aug6/nonmatchings/common/src/PObj/func_0025B000.s:87: Warning: used $at without ".set noat"
asm/aug6/nonmatchings/common/src/PObj/func_0025B000.s:88: Warning: used $at without ".set noat"
asm/aug6/nonmatchings/common/src/PObj/func_0025B000.s:89: Warning: used $at without ".set noat"
asm/aug6/nonmatchings/common/src/PObj/func_0025B000.s:90: Warning: used $at without ".set noat"
asm/aug6/nonmatchings/common/src/PObj/func_0025B000.s:92: Warning: used $at without ".set noat"
asm/aug6/nonmatchings/common/src/PObj/func_0025B000.s:93: Warning: used $at without ".set noat"
asm/aug6/nonmatchings/common/src/PObj/func_0025B000.s:94: Warning: used $at without ".set noat"
asm/aug6/nonmatchings/common/src/PObj/func_0025B000.s:96: Warning: used $at without ".set noat"
asm/aug6/nonmatchings/common/src/PObj/func_0025B000.s:97: Warning: used $at without ".set noat"
asm/aug6/nonmatchings/common/src/PObj/func_0025B000.s:98: Warning: used $at without ".set noat"
asm/aug6/nonmatchings/common/src/PObj/func_0025B000.s:99: Warning: used $at without ".set noat"
asm/aug6/nonmatchings/common/src/PObj/func_0025B000.s:100: Warning: used $at without ".set noat"
asm/aug6/nonmatchings/common/src/PObj/func_0025B000.s:125: Warning: used $at without ".set noat"
asm/aug6/nonmatchings/common/src/PObj/func_0025B000.s:126: Warning: used $at without ".set noat"
asm/aug6/nonmatchings/common/src/PObj/func_0025B000.s:127: Warning: used $at without ".set noat"
asm/aug6/nonmatchings/common/src/PObj/func_0025B000.s:128: Warning: used $at without ".set noat"
asm/aug6/nonmatchings/common/src/PObj/func_0025B000.s:130: Warning: used $at without ".set noat"
asm/aug6/nonmatchings/common/src/PObj/func_0025B000.s:131: Warning: used $at without ".set noat"
asm/aug6/nonmatchings/common/src/PObj/func_0025B000.s:132: Warning: used $at without ".set noat"
asm/aug6/nonmatchings/common/src/PObj/func_0025B000.s:133: Warning: used $at without ".set noat"
asm/aug6/nonmatchings/common/src/PObj/func_0025B000.s:134: Warning: used $at without ".set noat"
asm/aug6/nonmatchings/common/src/PObj/func_0025B000.s:135: Warning: used $at without ".set noat"
asm/aug6/nonmatchings/common/src/PObj/func_0025B000.s:136: Warning: used $at without ".set noat"
asm/aug6/nonmatchings/common/src/PObj/func_0025B000.s:137: Warning: used $at without ".set noat"
asm/aug6/nonmatchings/common/src/PObj/func_0025B000.s:138: Warning: used $at without ".set noat"
asm/aug6/nonmatchings/common/src/PObj/func_0025B000.s:140: Warning: used $at without ".set noat"
asm/aug6/nonmatchings/common/src/PObj/func_0025B000.s:141: Warning: used $at without ".set noat"
asm/aug6/nonmatchings/common/src/PObj/func_0025B000.s:142: Warning: used $at without ".set noat"
asm/aug6/nonmatchings/common/src/PObj/func_0025B000.s:143: Warning: used $at without ".set noat"
asm/aug6/nonmatchings/common/src/PObj/func_0025B000.s:144: Warning: used $at without ".set noat"
asm/aug6/nonmatchings/common/src/PObj/func_0025B000.s:145: Warning: used $at without ".set noat"
asm/aug6/nonmatchings/common/src/PObj/func_0025B000.s:146: Warning: used $at without ".set noat"
asm/aug6/nonmatchings/common/src/PObj/func_0025B000.s:147: Warning: used $at without ".set noat"
asm/aug6/nonmatchings/common/src/PObj/func_0025B000.s:148: Warning: used $at without ".set noat"
asm/aug6/nonmatchings/common/src/PObj/func_0025B000.s:150: Warning: used $at without ".set noat"
asm/aug6/nonmatchings/common/src/PObj/func_0025B000.s:151: Warning: used $at without ".set noat"
asm/aug6/nonmatchings/common/src/PObj/func_0025B000.s:152: Warning: used $at without ".set noat"
asm/aug6/nonmatchings/common/src/PObj/func_0025B000.s:154: Warning: used $at without ".set noat"
asm/aug6/nonmatchings/common/src/PObj/func_0025B000.s:155: Warning: used $at without ".set noat"
asm/aug6/nonmatchings/common/src/PObj/func_0025B000.s:156: Warning: used $at without ".set noat"
asm/aug6/nonmatchings/common/src/PObj/func_0025B000.s:157: Warning: used $at without ".set noat"
asm/aug6/nonmatchings/common/src/PObj/func_0025B000.s:158: Warning: used $at without ".set noat"
asm/aug6/nonmatchings/common/src/PObj/func_0025B000.s:159: Warning: used $at without ".set noat"
asm/aug6/nonmatchings/common/src/PObj/func_0025B000.s:162: Warning: used $at without ".set noat"
asm/aug6/nonmatchings/common/src/PObj/func_0025B000.s:163: Warning: used $at without ".set noat"
asm/aug6/nonmatchings/common/src/PObj/func_0025B000.s:164: Warning: used $at without ".set noat"
asm/aug6/nonmatchings/common/src/PObj/func_0025B000.s:190: Warning: used $at without ".set noat"
asm/aug6/nonmatchings/common/src/PObj/func_0025B000.s:191: Warning: used $at without ".set noat"
asm/aug6/nonmatchings/common/src/PObj/func_0025B000.s:192: Warning: used $at without ".set noat"
asm/aug6/nonmatchings/common/src/PObj/func_0025B000.s:193: Warning: used $at without ".set noat"
asm/aug6/nonmatchings/common/src/PObj/func_0025B000.s:194: Warning: used $at without ".set noat"
asm/aug6/nonmatchings/common/src/PObj/func_0025B000.s:195: Warning: used $at without ".set noat"
asm/aug6/nonmatchings/common/src/PObj/func_0025B000.s:211: Warning: used $at without ".set noat"
asm/aug6/nonmatchings/common/src/PObj/func_0025B000.s:212: Warning: used $at without ".set noat"
asm/aug6/nonmatchings/common/src/PObj/func_0025B000.s:213: Warning: used $at without ".set noat"
asm/aug6/nonmatchings/common/src/PObj/func_0025B000.s:214: Warning: used $at without ".set noat"
asm/aug6/nonmatchings/common/src/PObj/func_0025B000.s:215: Warning: used $at without ".set noat"
asm/aug6/nonmatchings/common/src/PObj/func_0025B000.s:216: Warning: used $at without ".set noat"
asm/aug6/nonmatchings/common/src/PObj/func_0025B3A0.s:61: Warning: used $at without ".set noat"
asm/aug6/nonmatchings/common/src/PObj/func_0025B3A0.s:62: Warning: used $at without ".set noat"
asm/aug6/nonmatchings/common/src/PObj/func_0025B3A0.s:63: Warning: used $at without ".set noat"
asm/aug6/nonmatchings/common/src/PObj/func_0025B3A0.s:66: Warning: used $at without ".set noat"
asm/aug6/nonmatchings/common/src/PObj/func_0025B3A0.s:67: Warning: used $at without ".set noat"
asm/aug6/nonmatchings/common/src/PObj/func_0025B3A0.s:68: Warning: used $at without ".set noat"
asm/aug6/nonmatchings/common/src/PObj/func_0025B3A0.s:95: Warning: used $at without ".set noat"
asm/aug6/nonmatchings/common/src/PObj/func_0025B3A0.s:96: Warning: used $at without ".set noat"
asm/aug6/nonmatchings/common/src/PObj/func_0025B3A0.s:97: Warning: used $at without ".set noat"
asm/aug6/nonmatchings/common/src/PObj/func_0025B3A0.s:102: Warning: used $at without ".set noat"
asm/aug6/nonmatchings/common/src/PObj/func_0025B3A0.s:103: Warning: used $at without ".set noat"
asm/aug6/nonmatchings/common/src/PObj/func_0025B3A0.s:104: Warning: used $at without ".set noat"
asm/aug6/nonmatchings/common/src/PObj/func_0025B3A0.s:109: Warning: used $at without ".set noat"
asm/aug6/nonmatchings/common/src/PObj/func_0025B3A0.s:110: Warning: used $at without ".set noat"
asm/aug6/nonmatchings/common/src/PObj/func_0025B3A0.s:111: Warning: used $at without ".set noat"
asm/aug6/nonmatchings/common/src/PObj/func_0025B3A0.s:116: Warning: used $at without ".set noat"
asm/aug6/nonmatchings/common/src/PObj/func_0025B3A0.s:117: Warning: used $at without ".set noat"
asm/aug6/nonmatchings/common/src/PObj/func_0025B3A0.s:118: Warning: used $at without ".set noat"
asm/aug6/nonmatchings/common/src/PObj/func_0025B3A0.s:151: Warning: used $at without ".set noat"
asm/aug6/nonmatchings/common/src/PObj/func_0025B3A0.s:152: Warning: used $at without ".set noat"
asm/aug6/nonmatchings/common/src/PObj/func_0025B3A0.s:153: Warning: used $at without ".set noat"
asm/aug6/nonmatchings/common/src/PObj/func_0025B3A0.s:158: Warning: used $at without ".set noat"
asm/aug6/nonmatchings/common/src/PObj/func_0025B3A0.s:159: Warning: used $at without ".set noat"
asm/aug6/nonmatchings/common/src/PObj/func_0025B3A0.s:160: Warning: used $at without ".set noat"
asm/aug6/nonmatchings/common/src/PObj/func_0025B3A0.s:222: Warning: used $at without ".set noat"
asm/aug6/nonmatchings/common/src/PObj/func_0025B3A0.s:223: Warning: used $at without ".set noat"
asm/aug6/nonmatchings/common/src/PObj/func_0025B3A0.s:224: Warning: used $at without ".set noat"
asm/aug6/nonmatchings/common/src/PObj/func_0025B3A0.s:226: Warning: used $at without ".set noat"
asm/aug6/nonmatchings/common/src/PObj/func_0025B3A0.s:227: Warning: used $at without ".set noat"
asm/aug6/nonmatchings/common/src/PObj/func_0025B3A0.s:228: Warning: used $at without ".set noat"
asm/aug6/nonmatchings/common/src/PObj/func_0025B3A0.s:234: Warning: used $at without ".set noat"
asm/aug6/nonmatchings/common/src/PObj/func_0025B3A0.s:235: Warning: used $at without ".set noat"
asm/aug6/nonmatchings/common/src/PObj/func_0025B3A0.s:236: Warning: used $at without ".set noat"
asm/aug6/nonmatchings/common/src/PObj/func_0025B3A0.s:238: Warning: used $at without ".set noat"
asm/aug6/nonmatchings/common/src/PObj/func_0025B3A0.s:239: Warning: used $at without ".set noat"
asm/aug6/nonmatchings/common/src/PObj/func_0025B3A0.s:240: Warning: used $at without ".set noat"
asm/aug6/nonmatchings/common/src/PObj/func_0025B8D8.s:34: Warning: used $at without ".set noat"
asm/aug6/nonmatchings/common/src/PObj/func_0025B8D8.s:35: Warning: used $at without ".set noat"
asm/aug6/nonmatchings/common/src/PObj/func_0025B8D8.s:36: Warning: used $at without ".set noat"
asm/aug6/nonmatchings/common/src/PObj/func_0025B8D8.s:43: Warning: used $at without ".set noat"
asm/aug6/nonmatchings/common/src/PObj/func_0025B8D8.s:44: Warning: used $at without ".set noat"
asm/aug6/nonmatchings/common/src/PObj/func_0025B8D8.s:45: Warning: used $at without ".set noat"
asm/aug6/nonmatchings/common/src/PObj/func_0025B8D8.s:50: Warning: used $at without ".set noat"
asm/aug6/nonmatchings/common/src/PObj/func_0025B8D8.s:51: Warning: used $at without ".set noat"
asm/aug6/nonmatchings/common/src/PObj/func_0025B8D8.s:52: Warning: used $at without ".set noat"
asm/aug6/nonmatchings/common/src/PObj/func_0025B8D8.s:53: Warning: used $at without ".set noat"
asm/aug6/nonmatchings/common/src/PObj/func_0025B8D8.s:54: Warning: used $at without ".set noat"
asm/aug6/nonmatchings/common/src/PObj/func_0025B8D8.s:55: Warning: used $at without ".set noat"
asm/aug6/nonmatchings/common/src/PObj/func_0025B8D8.s:68: Warning: used $at without ".set noat"
asm/aug6/nonmatchings/common/src/PObj/func_0025B8D8.s:69: Warning: used $at without ".set noat"
asm/aug6/nonmatchings/common/src/PObj/func_0025B8D8.s:70: Warning: used $at without ".set noat"
asm/aug6/nonmatchings/common/src/PObj/func_0025B8D8.s:77: Warning: used $at without ".set noat"
asm/aug6/nonmatchings/common/src/PObj/func_0025B8D8.s:78: Warning: used $at without ".set noat"
asm/aug6/nonmatchings/common/src/PObj/func_0025B8D8.s:79: Warning: used $at without ".set noat"
asm/aug6/nonmatchings/common/src/PObj/func_0025B8D8.s:84: Warning: used $at without ".set noat"
asm/aug6/nonmatchings/common/src/PObj/func_0025B8D8.s:85: Warning: used $at without ".set noat"
asm/aug6/nonmatchings/common/src/PObj/func_0025B8D8.s:86: Warning: used $at without ".set noat"
asm/aug6/nonmatchings/common/src/PObj/func_0025B8D8.s:87: Warning: used $at without ".set noat"
asm/aug6/nonmatchings/common/src/PObj/func_0025B8D8.s:88: Warning: used $at without ".set noat"
asm/aug6/nonmatchings/common/src/PObj/func_0025B8D8.s:89: Warning: used $at without ".set noat"
asm/aug6/nonmatchings/common/src/PObj/func_0025B8D8.s:108: Warning: used $at without ".set noat"
asm/aug6/nonmatchings/common/src/PObj/func_0025B8D8.s:109: Warning: used $at without ".set noat"
asm/aug6/nonmatchings/common/src/PObj/func_0025B8D8.s:110: Warning: used $at without ".set noat"
asm/aug6/nonmatchings/common/src/PObj/func_0025B8D8.s:112: Warning: used $at without ".set noat"
asm/aug6/nonmatchings/common/src/PObj/func_0025B8D8.s:113: Warning: used $at without ".set noat"
asm/aug6/nonmatchings/common/src/PObj/func_0025B8D8.s:115: Warning: used $at without ".set noat"
asm/aug6/nonmatchings/common/src/PObj/func_0025B8D8.s:116: Warning: used $at without ".set noat"
asm/aug6/nonmatchings/common/src/PObj/func_0025B8D8.s:117: Warning: used $at without ".set noat"
asm/aug6/nonmatchings/common/src/PObj/func_0025B8D8.s:118: Warning: used $at without ".set noat"
asm/aug6/nonmatchings/common/src/PObj/func_0025B8D8.s:119: Warning: used $at without ".set noat"
asm/aug6/nonmatchings/common/src/PObj/func_0025B8D8.s:120: Warning: used $at without ".set noat"
asm/aug6/nonmatchings/common/src/PObj/func_0025B8D8.s:158: Warning: used $at without ".set noat"
asm/aug6/nonmatchings/common/src/PObj/func_0025B8D8.s:159: Warning: used $at without ".set noat"
asm/aug6/nonmatchings/common/src/PObj/func_0025B8D8.s:160: Warning: used $at without ".set noat"
asm/aug6/nonmatchings/common/src/PObj/func_0025B8D8.s:162: Warning: used $at without ".set noat"
asm/aug6/nonmatchings/common/src/PObj/func_0025B8D8.s:163: Warning: used $at without ".set noat"
asm/aug6/nonmatchings/common/src/PObj/func_0025B8D8.s:164: Warning: used $at without ".set noat"
asm/aug6/nonmatchings/common/src/PObj/func_0025B8D8.s:180: Warning: used $at without ".set noat"
asm/aug6/nonmatchings/common/src/PObj/func_0025B8D8.s:181: Warning: used $at without ".set noat"
asm/aug6/nonmatchings/common/src/PObj/func_0025B8D8.s:182: Warning: used $at without ".set noat"
asm/aug6/nonmatchings/common/src/PObj/func_0025B8D8.s:184: Warning: used $at without ".set noat"
asm/aug6/nonmatchings/common/src/PObj/func_0025B8D8.s:185: Warning: used $at without ".set noat"
asm/aug6/nonmatchings/common/src/PObj/func_0025B8D8.s:186: Warning: used $at without ".set noat"
asm/aug6/nonmatchings/common/src/PObj/func_0025B8D8.s:224: Warning: used $at without ".set noat"
asm/aug6/nonmatchings/common/src/PObj/func_0025B8D8.s:225: Warning: used $at without ".set noat"
build/common/src/PObj.s:22487: Warning: used $at without ".set noat"
build/common/src/PObj.s:22488: Warning: used $at without ".set noat"
build/common/src/PObj.s:22489: Warning: used $at without ".set noat"
build/common/src/PObj.s:22490: Warning: used $at without ".set noat"
build/common/src/PObj.s:22491: Warning: used $at without ".set noat"
build/common/src/PObj.s:22492: Warning: used $at without ".set noat"
build/common/src/PObj.s:22494: Warning: used $at without ".set noat"
build/common/src/PObj.s:22495: Warning: used $at without ".set noat"
build/common/src/PObj.s:22496: Warning: used $at without ".set noat"
build/common/src/PObj.s:22499: Warning: used $at without ".set noat"
build/common/src/PObj.s:22500: Warning: used $at without ".set noat"
build/common/src/PObj.s:22501: Warning: used $at without ".set noat"
build/common/src/PObj.s:22502: Warning: used $at without ".set noat"
build/common/src/PObj.s:22503: Warning: used $at without ".set noat"
build/common/src/PObj.s:22504: Warning: used $at without ".set noat"
build/common/src/PObj.s:22506: Warning: used $at without ".set noat"
build/common/src/PObj.s:22507: Warning: used $at without ".set noat"
build/common/src/PObj.s:22508: Warning: used $at without ".set noat"
asm/aug6/nonmatchings/common/src/PObj/func_0025BF48.s:136: Warning: used $at without ".set noat"
asm/aug6/nonmatchings/common/src/PObj/func_0025BF48.s:137: Warning: used $at without ".set noat"
asm/aug6/nonmatchings/common/src/PObj/func_0025BF48.s:138: Warning: used $at without ".set noat"
asm/aug6/nonmatchings/common/src/PObj/func_0025BF48.s:139: Warning: used $at without ".set noat"
asm/aug6/nonmatchings/common/src/PObj/func_0025BF48.s:165: Warning: used $at without ".set noat"
asm/aug6/nonmatchings/common/src/PObj/func_0025BF48.s:166: Warning: used $at without ".set noat"
asm/aug6/nonmatchings/common/src/PObj/func_0025BF48.s:171: Warning: used $at without ".set noat"
asm/aug6/nonmatchings/common/src/PObj/func_0025BF48.s:172: Warning: used $at without ".set noat"
asm/aug6/nonmatchings/common/src/PObj/func_0025BF48.s:209: Warning: used $at without ".set noat"
asm/aug6/nonmatchings/common/src/PObj/func_0025BF48.s:210: Warning: used $at without ".set noat"
asm/aug6/nonmatchings/common/src/PObj/func_0025BF48.s:284: Warning: used $at without ".set noat"
asm/aug6/nonmatchings/common/src/PObj/func_0025BF48.s:285: Warning: used $at without ".set noat"
asm/aug6/nonmatchings/common/src/PObj/func_0025BF48.s:426: Warning: used $at without ".set noat"
asm/aug6/nonmatchings/common/src/PObj/func_0025BF48.s:427: Warning: used $at without ".set noat"
asm/aug6/nonmatchings/common/src/PObj/func_0025BF48.s:433: Warning: used $at without ".set noat"
asm/aug6/nonmatchings/common/src/PObj/func_0025BF48.s:434: Warning: used $at without ".set noat"
asm/aug6/nonmatchings/common/src/PObj/func_0025BF48.s:464: Warning: used $at without ".set noat"
asm/aug6/nonmatchings/common/src/PObj/func_0025BF48.s:465: Warning: used $at without ".set noat"
asm/aug6/nonmatchings/common/src/PObj/func_0025BF48.s:472: Warning: used $at without ".set noat"
asm/aug6/nonmatchings/common/src/PObj/func_0025BF48.s:473: Warning: used $at without ".set noat"
asm/aug6/nonmatchings/common/src/PObj/func_0025C898.s:25: Warning: used $at without ".set noat"
asm/aug6/nonmatchings/common/src/PObj/func_0025C898.s:26: Warning: used $at without ".set noat"
asm/aug6/nonmatchings/common/src/PObj/func_0025C898.s:27: Warning: used $at without ".set noat"
asm/aug6/nonmatchings/common/src/PObj/func_0025C898.s:28: Warning: used $at without ".set noat"
asm/aug6/nonmatchings/common/src/PObj/func_0025C898.s:29: Warning: used $at without ".set noat"
asm/aug6/nonmatchings/common/src/PObj/func_0025C898.s:30: Warning: used $at without ".set noat"
asm/aug6/nonmatchings/common/src/PObj/func_0025C898.s:31: Warning: used $at without ".set noat"
asm/aug6/nonmatchings/common/src/PObj/func_0025C898.s:32: Warning: used $at without ".set noat"
asm/aug6/nonmatchings/common/src/PObj/func_0025C898.s:33: Warning: used $at without ".set noat"
asm/aug6/nonmatchings/common/src/PObj/func_0025C898.s:35: Warning: used $at without ".set noat"
asm/aug6/nonmatchings/common/src/PObj/func_0025C898.s:36: Warning: used $at without ".set noat"
asm/aug6/nonmatchings/common/src/PObj/func_0025C898.s:37: Warning: used $at without ".set noat"
asm/aug6/nonmatchings/common/src/PObj/func_0025C898.s:38: Warning: used $at without ".set noat"
asm/aug6/nonmatchings/common/src/PObj/func_0025C898.s:39: Warning: used $at without ".set noat"
asm/aug6/nonmatchings/common/src/PObj/func_0025C898.s:40: Warning: used $at without ".set noat"
asm/aug6/nonmatchings/common/src/PObj/func_0025C898.s:51: Warning: used $at without ".set noat"
asm/aug6/nonmatchings/common/src/PObj/func_0025C898.s:52: Warning: used $at without ".set noat"
asm/aug6/nonmatchings/common/src/PObj/func_0025C898.s:53: Warning: used $at without ".set noat"
asm/aug6/nonmatchings/common/src/PObj/func_0025C898.s:60: Warning: used $at without ".set noat"
asm/aug6/nonmatchings/common/src/PObj/func_0025C898.s:61: Warning: used $at without ".set noat"
asm/aug6/nonmatchings/common/src/PObj/func_0025C898.s:63: Warning: used $at without ".set noat"
asm/aug6/nonmatchings/common/src/PObj/func_0025C898.s:64: Warning: used $at without ".set noat"
asm/aug6/nonmatchings/common/src/PObj/func_0025C898.s:65: Warning: used $at without ".set noat"
asm/aug6/nonmatchings/common/src/PObj/func_0025C9C8.s:53: Warning: used $at without ".set noat"
asm/aug6/nonmatchings/common/src/PObj/func_0025C9C8.s:54: Warning: used $at without ".set noat"
asm/aug6/nonmatchings/common/src/PObj/func_0025C9C8.s:55: Warning: used $at without ".set noat"
asm/aug6/nonmatchings/common/src/PObj/func_0025C9C8.s:56: Warning: used $at without ".set noat"
asm/aug6/nonmatchings/common/src/PObj/func_0025C9C8.s:57: Warning: used $at without ".set noat"
asm/aug6/nonmatchings/common/src/PObj/func_0025C9C8.s:80: Warning: used $at without ".set noat"
asm/aug6/nonmatchings/common/src/PObj/func_0025C9C8.s:81: Warning: used $at without ".set noat"
asm/aug6/nonmatchings/common/src/PObj/func_0025C9C8.s:82: Warning: used $at without ".set noat"
asm/aug6/nonmatchings/common/src/PObj/func_0025C9C8.s:83: Warning: used $at without ".set noat"
asm/aug6/nonmatchings/common/src/PObj/func_0025C9C8.s:93: Warning: used $at without ".set noat"
asm/aug6/nonmatchings/common/src/PObj/func_0025C9C8.s:94: Warning: used $at without ".set noat"
asm/aug6/nonmatchings/common/src/PObj/func_0025C9C8.s:109: Warning: used $at without ".set noat"
asm/aug6/nonmatchings/common/src/PObj/func_0025C9C8.s:110: Warning: used $at without ".set noat"
asm/aug6/nonmatchings/common/src/PObj/func_0025C9C8.s:111: Warning: used $at without ".set noat"
asm/aug6/nonmatchings/common/src/PObj/func_0025C9C8.s:112: Warning: used $at without ".set noat"
asm/aug6/nonmatchings/common/src/PObj/func_0025C9C8.s:123: Warning: used $at without ".set noat"
asm/aug6/nonmatchings/common/src/PObj/func_0025C9C8.s:124: Warning: used $at without ".set noat"
asm/aug6/nonmatchings/common/src/PObj/func_0025CC90.s:15: Warning: used $at without ".set noat"
asm/aug6/nonmatchings/common/src/PObj/func_0025CC90.s:16: Warning: used $at without ".set noat"
asm/aug6/nonmatchings/common/src/PObj/func_0025CC90.s:17: Warning: used $at without ".set noat"
asm/aug6/nonmatchings/common/src/PObj/func_0025CC90.s:47: Warning: used $at without ".set noat"
asm/aug6/nonmatchings/common/src/PObj/func_0025CC90.s:48: Warning: used $at without ".set noat"
asm/aug6/nonmatchings/common/src/PObj/func_0025CC90.s:49: Warning: used $at without ".set noat"
asm/aug6/nonmatchings/common/src/PObj/func_0025CDA0.s:25: Warning: used $at without ".set noat"
asm/aug6/nonmatchings/common/src/PObj/func_0025CDA0.s:26: Warning: used $at without ".set noat"
asm/aug6/nonmatchings/common/src/PObj/func_0025CDA0.s:38: Warning: used $at without ".set noat"
asm/aug6/nonmatchings/common/src/PObj/func_0025CDA0.s:39: Warning: used $at without ".set noat"
asm/aug6/nonmatchings/common/src/PObj/func_0025CDA0.s:40: Warning: used $at without ".set noat"
asm/aug6/nonmatchings/common/src/PObj/func_0025CDA0.s:73: Warning: used $at without ".set noat"
asm/aug6/nonmatchings/common/src/PObj/func_0025CDA0.s:74: Warning: used $at without ".set noat"
asm/aug6/nonmatchings/common/src/PObj/func_0025CDA0.s:75: Warning: used $at without ".set noat"
asm/aug6/nonmatchings/common/src/PObj/func_0025CDA0.s:80: Warning: used $at without ".set noat"
asm/aug6/nonmatchings/common/src/PObj/func_0025CDA0.s:81: Warning: used $at without ".set noat"
asm/aug6/nonmatchings/common/src/PObj/func_0025CDA0.s:82: Warning: used $at without ".set noat"
asm/aug6/nonmatchings/common/src/PObj/func_0025CDA0.s:98: Warning: used $at without ".set noat"
asm/aug6/nonmatchings/common/src/PObj/func_0025CDA0.s:99: Warning: used $at without ".set noat"
asm/aug6/nonmatchings/common/src/PObj/func_002600F8.s:23: Warning: used $at without ".set noat"
asm/aug6/nonmatchings/common/src/PObj/func_002600F8.s:24: Warning: used $at without ".set noat"
asm/aug6/nonmatchings/common/src/PObj/func_002654F0.s:187: Warning: used $at without ".set noat"
asm/aug6/nonmatchings/common/src/PObj/func_002654F0.s:188: Warning: used $at without ".set noat"
asm/aug6/nonmatchings/common/src/PObj/func_002654F0.s:191: Warning: used $at without ".set noat"
asm/aug6/nonmatchings/common/src/PObj/func_002654F0.s:192: Warning: used $at without ".set noat"
asm/aug6/nonmatchings/common/src/PObj/func_002654F0.s:198: Warning: used $at without ".set noat"
asm/aug6/nonmatchings/common/src/PObj/func_002654F0.s:199: Warning: used $at without ".set noat"
asm/aug6/nonmatchings/common/src/PObj/func_00269A58.s:948: Warning: used $at without ".set noat"
asm/aug6/nonmatchings/common/src/PObj/func_00269A58.s:949: Warning: used $at without ".set noat"
asm/aug6/nonmatchings/common/src/PObj/func_00269A58.s:954: Warning: used $at without ".set noat"
asm/aug6/nonmatchings/common/src/PObj/func_00269A58.s:955: Warning: used $at without ".set noat"
asm/aug6/nonmatchings/common/src/PObj/func_00269A58.s:964: Warning: used $at without ".set noat"
asm/aug6/nonmatchings/common/src/PObj/func_00269A58.s:965: Warning: used $at without ".set noat"
[262/264] LD build/ico.elf
mips-linux-gnu-ld: warning: build/ico.elf has a LOAD segment with RWX permissions
[263/264] OBJCOPY build/ico.rom
[264/264] VERIFY build/ico.rom
verify_elf: OK (build/ico.rom sha1=2b4d7de41966ff38d061b4c985de45fc212e2fb2)
